station_id,station_name,rides_started,rides_ended,net_outflow,total_activity
CHI01747,Navy Pier,109589,109233,356,218822
13022,Streeter Dr & Grand Ave,76196,77798,-1602,153994
CHI00374,DuSable Lake Shore Dr & Monroe St,61021,58663,2358,119684
CHI00252,Michigan Ave & Oak St,57342,57139,203,114481
CHI00525,DuSable Lake Shore Dr & North Blvd,54879,57236,-2357,112115
KA1503000043,Kingsbury St & Kinzie St,52531,51996,535,104527
13300,DuSable Lake Shore Dr & Monroe St,51622,50312,1310,101934
LF-005,DuSable Lake Shore Dr & North Blvd,44595,48655,-4060,93250
CHI00420,Theater on the Lake,45427,47135,-1708,92562
CHI00299,Kingsbury St & Kinzie St 1,46330,45368,962,91698
13042,Michigan Ave & Oak St,45584,45808,-224,91392
WL-012,Clinton St & Washington Blvd,44187,44888,-701,89075
TA1307000039,Clark St & Elm St,43899,43260,639,87159
CHI01772,State St & Chicago Ave,42790,43020,-230,85810
CHI00396,Wells St & Concord Ln,42588,42810,-222,85398
TA1305000032,Clinton St & Madison St,41801,43148,-1347,84949
CHI00498,Canal St & Madison St,42232,41937,295,84169
CHI01742,Millennium Park,41749,41632,117,83381
CHI00540,Wells St & Elm St,40822,40422,400,81244
13008,Millennium Park,38842,39446,-604,78288
TA1308000050,Wells St & Concord Ln,38905,39337,-432,78242
CHI00281,Clark St & Elm St,38695,37873,822,76568
CHI00233,Clinton St & Madison St,38268,38062,206,76330
CHI00474,Clark St & Armitage Ave,37722,37832,-110,75554
KA1504000135,Wells St & Elm St,37682,37493,189,75175
CHI00413,Clark St & Lincoln Ave,36820,37105,-285,73925
CHI00294,Wells St & Huron St,37753,35484,2269,73237
CHI00332,Wells St & Hubbard St,36505,35203,1302,71708
CHI01091,Clinton St & Jackson Blvd,35844,35802,42,71646
13341,Canal St & Madison St,35354,35910,-556,71264
CHI00330,McClurg Ct & Ohio St,35490,35211,279,70701
TA1308000001,Theater on the Lake,33901,35025,-1124,68926
638,Clinton St & Jackson Blvd,33946,34926,-980,68872
KA1503000071,University Ave & 57th St,34201,34521,-320,68722
21544,State St & Chicago Ave,34123,34420,-297,68543
13045,Dearborn St & Erie St,33575,32943,632,66518
CHI00279,New St & Illinois St,33697,32771,926,66468
CHI00313,Wabash Ave & Grand Ave,33134,32505,629,65639
SL-005,Indiana Ave & Roosevelt Rd,32188,31925,263,64113
CHI00306,Dearborn Pkwy & Delaware Pl,31993,32057,-64,64050
TA1307000117,Wabash Ave & Grand Ave,31711,32013,-302,63724
CHI00531,Dusable Harbor,32198,31409,789,63607
CHI00517,Desplaines St & Kinzie St,32355,30233,2122,62588
CHI00533,Shedd Aquarium,31784,30497,1287,62281
CHI00358,LaSalle St & Illinois St,31743,30421,1322,62164
13146,Clark St & Armitage Ave,30737,31157,-420,61894
CHI00553,Michigan Ave & Lake St,31105,30510,595,61615
CHI00427,Montrose Harbor,30501,30982,-481,61483
CHI01677,Michigan Ave & Washington St,30688,30424,264,61112
CHI00493,DuSable Lake Shore Dr & Diversey Pkwy,30156,30901,-745,61057
CHI00509,Clinton St & Washington Blvd,30366,30307,59,60673
13001,Michigan Ave & Washington St,30216,30307,-91,60523
CHI00345,Columbus Dr & Randolph St,31643,28601,3042,60244
KA1503000014,Ellis Ave & 60th St,30225,29952,273,60177
TA1307000134,Wilton Ave & Belmont Ave,29900,30253,-353,60153
15544,Shedd Aquarium,30496,29506,990,60002
13179,Clark St & Lincoln Ave,29710,30240,-530,59950
CHI00450,Indiana Ave & Roosevelt Rd,30616,29161,1455,59777
TA1307000151,Wells St & Hubbard St,29930,29796,134,59726
13011,Canal St & Adams St,29435,29764,-329,59199
CHI00353,Wilton Ave & Belmont Ave,29438,29670,-232,59108
KA1503000064,Dusable Harbor,29694,29137,557,58831
CHI00496,Broadway & Waveland Ave,29219,29367,-148,58586
CHI02028,Kingsbury St & Erie St,29567,28458,1109,58025
13137,Broadway & Barry Ave,28626,29366,-740,57992
CHI00430,Broadway & Cornelia Ave,28855,28870,-15,57725
TA1307000128,Dearborn Pkwy & Delaware Pl,28436,28602,-166,57038
13430,LaSalle St & Illinois St,28847,28121,726,56968
TA1306000003,Desplaines St & Kinzie St,29826,27090,2736,56916
TA1306000010,Daley Center Plaza,27834,29030,-1196,56864
TA1306000009,Larrabee St & Kingsbury St,28928,27822,1106,56750
TA1306000012,Wells St & Huron St,28140,27229,911,55369
TA1306000013,New St & Illinois St,27576,27648,-72,55224
CHI00367,Orleans St & Merchandise Mart Plaza,27962,27168,794,55130
TA1306000029,McClurg Ct & Ohio St,27370,27645,-275,55015
CHI00524,Wabash Ave & Roosevelt Rd,27294,27641,-347,54935
CHI00508,Ravenswood Ave & Lawrence Ave,27453,27237,216,54690
CHI01161,Halsted St & Clybourn Ave,27416,27170,246,54586
TA1305000011,Michigan Ave & Lake St,27241,27227,14,54468
CHI00354,Pine Grove Ave & Waveland Ave,27169,27131,38,54300
CHI01743,Canal St & Adams St,27398,26474,924,53872
23003,Halsted St & Fulton St,26686,26803,-117,53489
CHI00253,Daley Center Plaza,27048,26373,675,53421
CHI00390,Broadway & Barry Ave,26451,26967,-516,53418
CHI00551,University Ave & 57th St,26810,26489,321,53299
CHI00245,Larrabee St & Kingsbury St 1,27111,25865,1246,52976
TA1305000002,Wabash Ave & Roosevelt Rd,26400,26488,-88,52888
TA1305000022,Orleans St & Merchandise Mart Plaza,26521,25455,1066,51976
13263,Columbus Dr & Randolph St,27603,24372,3231,51975
CHI00347,Green St & Madison St,25822,26119,-297,51941
13021,Clinton St & Lake St,25991,25533,458,51524
TA1306000016,Sheffield Ave & Fullerton Ave,25761,25559,202,51320
KA1504000076,Ellis Ave & 55th St,25569,25727,-158,51296
TA1307000120,Green St & Madison St,25204,25867,-663,51071
13265,Kingsbury St & Erie St,26348,24590,1758,50938
CHI01746,Clinton St & Lake St,25490,24977,513,50467
13061,Ashland Ave & Division St,25032,25351,-319,50383
CHI00336,Southport Ave & Waveland Ave,25041,25226,-185,50267
TA1309000039,DuSable Lake Shore Dr & Diversey Pkwy,24707,25437,-730,50144
CHI01163,Michigan Ave & 8th St,26229,23791,2438,50020
CHI00494,Lincoln Ave & Fullerton Ave,24858,25155,-297,50013
TA1305000006,Dearborn St & Monroe St,24583,24779,-196,49362
CHI00287,Clark St & Wrightwood Ave,24572,24745,-173,49317
TA1305000014,Clark St & Wrightwood Ave,24463,24837,-374,49300
CHI01775,Federal St & Polk St,24788,24492,296,49280
13278,Broadway & Cornelia Ave,24544,24691,-147,49235
CHI00295,Wells St & Ohio St,24658,24574,84,49232
13325,Broadway & Waveland Ave,24403,24790,-387,49193
331,Halsted St & Clybourn Ave,24237,24496,-259,48733
CHI00454,Larrabee St & Webster Ave,24078,24379,-301,48457
KA1503000012,Clark St & Lake St,24686,23677,1009,48363
CHI00480,DuSable Lake Shore Dr & Belmont Ave,23950,24319,-369,48269
CHI00761,Clark St & Lake St,24121,23863,258,47984
CHI00244,Paulina St & Division St,23587,24169,-582,47756
CHI00225,Sheffield Ave & Fullerton Ave,24128,23474,654,47602
TA1309000066,Ravenswood Ave & Lawrence Ave,23678,23688,-10,47366
CHI00583,Ellis Ave & 55th St,23659,23439,220,47098
623,Michigan Ave & 8th St,24387,22707,1680,47094
CHI00255,DuSable Lake Shore Dr & Wellington Ave,23399,23603,-204,47002
TA1309000058,Lincoln Ave & Fullerton Ave,23193,23505,-312,46698
CHI00393,Wells St & Evergreen Ave,23606,23032,574,46638
CHI02050,Franklin St & Jackson Blvd,23013,23499,-486,46512
CHI00462,Clark St & Schiller St,23572,22874,698,46446
TA1307000130,Morgan St & Polk St,23268,22967,301,46235
CHI02181,Kingsbury St & Kinzie St 2,23171,22940,231,46111
13016,St. Clair St & Erie St,22191,23863,-1672,46054
TA1307000126,Sheffield Ave & Waveland Ave,20811,24756,-3945,45567
TA1305000041,Damen Ave & Pierce Ave,22277,22989,-712,45266
CHI00605,Fairbanks Ct & Grand Ave,22741,22231,510,44972
CHI00469,Lakeview Ave & Fullerton Pkwy,22300,22563,-263,44863
CHI00234,Southport Ave & Roscoe St,22285,22521,-236,44806
13332,Loomis St & Lexington St,22321,21875,446,44196
SL-008,Federal St & Polk St,22131,22060,71,44191
CHI01880,Fulton Market,21854,22303,-449,44157
TA1307000150,Pine Grove Ave & Waveland Ave,21705,22333,-628,44038
CHI00418,Mies van der Rohe Way & Chestnut St,22052,21977,75,44029
CHI00473,Halsted St & Roscoe St,21927,22038,-111,43965
CHI00385,Clark St & Drummond Pl,21501,22443,-942,43944
TA1307000142,Clark St & Drummond Pl,21301,22527,-1226,43828
TA1309000004,LaSalle St & Jackson Blvd,21671,22126,-455,43797
TA1309000049,DuSable Lake Shore Dr & Belmont Ave,21651,22053,-402,43704
CHI00360,Adler Planetarium,22554,21110,1444,43664
TA1305000025,Franklin St & Jackson Blvd,22121,21432,689,43553
CHI00482,Pine Grove Ave & Irving Park Rd,21831,21720,111,43551
TA1308000012,Montrose Harbor,21773,21690,83,43463
13235,Southport Ave & Waveland Ave,21537,21828,-291,43365
TA1305000003,Fairbanks Ct & Grand Ave,21619,21736,-117,43355
13193,Larrabee St & Webster Ave,21443,21909,-466,43352
TA1309000024,Clark St & Schiller St,21762,21154,608,42916
CHI00495,Clark St & Winnemac Ave,21352,21552,-200,42904
CHI02196,Clinton St & Washington Blvd 2,21387,21410,-23,42797
CHI00465,Sheffield Ave & Wrightwood Ave,21428,21322,106,42750
CHI00449,Franklin St & Monroe St,19541,23149,-3608,42690
TA1308000049,Wells St & Evergreen Ave,21550,20926,624,42476
CHI00674,Clark St & Newport St,20379,22093,-1714,42472
TA1309000019,Lakeview Ave & Fullerton Pkwy,21131,21308,-177,42439
TA1307000111,Franklin St & Lake St,20805,21378,-573,42183
CHI00304,Sheridan Rd & Irving Park Rd,21293,20756,537,42049
13158,Peoria St & Jackson Blvd,21440,20358,1082,41798
CHI00504,Halsted St & Wrightwood Ave,20812,20830,-18,41642
CHI00288,State St & Kinzie St,20830,20741,89,41571
KA1503000041,McClurg Ct & Erie St,20988,20426,562,41414
CHI00260,Wells St & Walton St,21078,20072,1006,41150
CHI00383,Field Blvd & South Water St,20805,20165,640,40970
CHI00455,Clarendon Ave & Gordon Ter,20493,20447,46,40940
CHI00476,Broadway & Sheridan Rd,20556,20376,180,40932
CHI00626,Lincoln Park Conservatory,20180,20688,-508,40868
13071,Southport Ave & Roscoe St,19870,20275,-405,40145
TA1307000121,Halsted St & Polk St,20358,19729,629,40087
KA1504000133,Rush St & Cedar St,19947,20101,-154,40048
TA1307000041,DuSable Lake Shore Dr & Wellington Ave,19732,20186,-454,39918
TA1309000037,Kimbark Ave & 53rd St,20022,19712,310,39734
CHI00765,Ellis Ave & 60th St,19877,19760,117,39637
632,Clark St & Newport St,19084,20486,-1402,39570
CHI00274,Sheffield Ave & Wellington Ave,19691,19821,-130,39512
TA1305000029,State St & Randolph St,19778,19690,88,39468
CHI01750,Milwaukee Ave & Grand Ave,20340,18943,1397,39283
CHI01744,St. Clair St & Erie St 1,18568,20474,-1906,39042
13431,Adler Planetarium,20720,18321,2399,39041
CHI00368,Rush St & Superior St,19626,19392,234,39018
CHI00447,LaSalle St & Jackson Blvd,18447,20554,-2107,39001
CHI00238,Loomis St & Lexington St,19798,19079,719,38877
CHI00406,Aberdeen St & Jackson Blvd,19969,18865,1104,38834
13157,Aberdeen St & Jackson Blvd,20305,18524,1781,38829
CHI00537,Rush St & Cedar St,19391,19381,10,38772
TA1309000061,Halsted St & Wrightwood Ave,19418,19327,91,38745
CHI02022,Bissell St & Armitage Ave,18958,19785,-827,38743
CHI00402,Peoria St & Jackson Blvd,19598,19018,580,38616
CHI00298,Lakefront Trail & Bryn Mawr Ave,18814,19797,-983,38611
CHI00377,Clark St & Wellington Ave,19111,19273,-162,38384
CHI00241,Sedgwick St & Huron St,19894,18445,1449,38339
CHI00521,Canal St & Jackson Blvd,19308,18945,363,38253
CHI00257,Sedgwick St & North Ave,19198,18982,216,38180
TA1309000007,Franklin St & Monroe St,18045,20082,-2037,38127
13063,Sheridan Rd & Irving Park Rd,19161,18924,237,38085
CHI00239,Broadway & Belmont Ave,18767,19126,-359,37893
CHI00522,Stockton Dr & Wrightwood Ave,18691,19169,-478,37860
CHI00310,Sheffield Ave & Waveland Ave,18545,19274,-729,37819
CHI02023,Sheffield Ave & Kingsbury St,18869,18776,93,37645
13050,State St & Kinzie St,18547,18981,-434,37528
15529,Mies van der Rohe Way & Chestnut St,18628,18711,-83,37339
CHI00487,Sedgwick St & Webster Ave,18546,18693,-147,37239
CHI00507,Sheffield Ave & Webster Ave,18318,18880,-562,37198
TA1307000062,Sedgwick St & Huron St,19643,17486,2157,37129
15530,Rush St & Superior St,18586,18514,72,37100
CHI00395,Clarendon Ave & Junior Ter,18583,18502,81,37085
TA1309000023,Sheffield Ave & Wrightwood Ave,18460,18533,-73,36993
CHI00470,Mies van der Rohe Way & Chicago Ave,18366,18496,-130,36862
TA1309000033,Sheffield Ave & Webster Ave,18049,18755,-706,36804
CHI00448,Wabash Ave & 9th St,18568,18232,336,36800
CHI02057,Damen Ave & Pierce Ave,18100,18590,-490,36690
13379,Clarendon Ave & Gordon Ter,18303,18292,11,36595
CHI01745,Franklin St & Chicago Ave,19327,17160,2167,36487
TA1309000025,Halsted St & Roscoe St,18095,18339,-244,36434
TA1307000052,Sheffield Ave & Wellington Ave,18040,18388,-348,36428
CHI00251,State St & Randolph St,18500,17898,602,36398
13033,Milwaukee Ave & Grand Ave,18802,17510,1292,36312
13216,State St & 33rd St,17851,18400,-549,36251
CHI00530,Clark St & Berwyn Ave,18016,18212,-196,36228
13276,Stockton Dr & Wrightwood Ave,17796,18342,-546,36138
CHI00290,Sheridan Rd & Montrose Ave,18112,17985,127,36097
RN-,Franklin St & Illinois St,18013,18082,-69,36095
TA1309000035,Clark St & Winnemac Ave,17939,18139,-200,36078
CHI00376,Franklin St & Lake St,17964,18111,-147,36075
CHI01749,Field Museum,19670,16319,3351,35989
CHI02054,Sheffield Ave & Addison St,17142,18728,-1586,35870
TA1309000010,Wabash Ave & 9th St,17982,17819,163,35801
13277,Broadway & Belmont Ave,17409,18327,-918,35736
CHI00518,Desplaines St & Jackson Blvd,18164,17455,709,35619
CHI00878,Morgan St & Lake St,17606,17939,-333,35545
CHI00405,Dearborn St & Madison St,16966,18353,-1387,35319
13323,Broadway & Sheridan Rd,17514,17676,-162,35190
CHI00236,Southport Ave & Wellington Ave,17359,17609,-250,34968
TA1307000136,Clark St & Wellington Ave,17222,17684,-462,34906
13338,Mies van der Rohe Way & Chicago Ave,17252,17623,-371,34875
CHI00240,Dayton St & North Ave,17410,17344,66,34754
13427,Cityfront Plaza Dr & Pioneer Ct,18142,16259,1883,34401
CHI00622,Milwaukee Ave & The 606,17194,17181,13,34375
TA1307000107,Sheridan Rd & Montrose Ave,16935,17202,-267,34137
15539,Desplaines St & Jackson Blvd,17167,16752,415,33919
CHI00266,Wells St & Randolph St,16671,17203,-532,33874
13192,Halsted St & Dickens Ave,16423,17417,-994,33840
CHI00606,Wells St & Polk St,17214,16594,620,33808
CHI00544,Ritchie Ct & Banks St,17024,16688,336,33712
CHI00307,California Ave & Milwaukee Ave,16825,16778,47,33603
CHI00394,Shore Dr & 55th St,16804,16674,130,33478
CHI00490,Kimbark Ave & 53rd St,16814,16575,239,33389
CHI00316,Damen Ave & Chicago Ave,16312,16972,-660,33284
TA1308000022,Pine Grove Ave & Irving Park Rd,16658,16623,35,33281
CHI00640,LaSalle Dr & Huron St,17031,16229,802,33260
CHI00483,Cityfront Plaza Dr & Pioneer Ct,17574,15655,1919,33229
CHI00351,Clark St & Chicago Ave,16908,16300,608,33208
CHI00342,Michigan Ave & 14th St,16851,16318,533,33169
CHI00327,Burling St & Diversey Pkwy,16453,16674,-221,33127
CHI00259,Elston Ave & Cortland St,16607,16478,129,33085
15534,Field Blvd & South Water St,16866,16194,672,33060
chargingstx1,Bissell St & Armitage Ave*,16073,16973,-900,33046
LP-,Lincoln Park Conservatory,15888,17090,-1202,32978
13191,Sedgwick St & Webster Ave,16351,16558,-207,32909
CHI02052,Wilton Ave & Diversey Pkwy,16565,16306,259,32871
TA1307000139,MLK Jr Dr & 29th St,16793,16013,780,32806
CHI00329,Wood St & Beach Ave,16082,16723,-641,32805
TA1307000131,Wabash Ave & Wacker Pl,16375,16424,-49,32799
TA1307000038,Sedgwick St & North Ave,16594,16134,460,32728
CHI02109,Clark St & Arlington Pl,16339,16311,28,32650
CHI00452,Michigan Ave & Jackson Blvd,16382,16215,167,32597
CHI00411,Racine Ave & Belmont Ave,16260,16255,5,32515
13154,Sheffield Ave & Kingsbury St,16136,16209,-73,32345
TA1306000026,Racine Ave & Fullerton Ave,15970,16124,-154,32094
13221,Wood St & Milwaukee Ave,15629,16459,-830,32088
CHI00372,Morgan St & Polk St,16306,15750,556,32056
CHI00444,Clark St & North Ave,15859,16178,-319,32037
TA1309000002,Michigan Ave & Jackson Blvd,15801,16132,-331,31933
13138,Canal St & Jackson Blvd,15964,15906,58,31870
TA1305000020,Ogden Ave & Chicago Ave,15968,15804,164,31772
chargingstx4,Morgan St & Lake St*,15532,16212,-680,31744
TA1305000030,Wells St & Randolph St,15790,15772,18,31562
CHI02125,Dearborn St & Division St,15822,15700,122,31522
CHI00378,Kedzie Ave & Milwaukee Ave,15656,15828,-172,31484
15541.1.1,Buckingham Fountain,17353,14006,3347,31359
CHI00388,Damen Ave & Cortland St,15669,15682,-13,31351
13028,900 W Harrison St,16125,15095,1030,31220
CHI00242,Sangamon St & Lake St,15161,15983,-822,31144
CHI00648,Franklin St & Illinois St,15691,15404,287,31095
TA1307000124,Michigan Ave & 14th St,15758,15242,516,31000
CHI00285,Lincoln Ave & Diversey Pkwy,15273,15440,-167,30713
18062,Aberdeen St & Randolph St,15173,15502,-329,30675
13058,Dayton St & North Ave,15159,15406,-247,30565
13303,Clark St & Chicago Ave,15452,15043,409,30495
CHI00575,Larrabee St & Division St,15722,14672,1050,30394
13017,Franklin St & Chicago Ave,15723,14638,1085,30361
CHI00419,McClurg Ct & Erie St,15244,15035,209,30279
CHI00301,Clark St & Grace St,14840,15337,-497,30177
CHI00291,Halsted St & Dickens Ave,14680,15448,-768,30128
CHI00715,Aberdeen St & Randolph St,14949,15096,-147,30045
TA1306000011,Wells St & Walton St,16088,13937,2151,30025
TA1307000006,Southport Ave & Wellington Ave,15026,14937,89,29963
KA1503000015,Wabash Ave & Adams St,14862,15076,-214,29938
CHI00421,Clifton Ave & Armitage Ave,14746,15108,-362,29854
TA1308000009,Shore Dr & 55th St,14931,14869,62,29800
13074,Broadway & Wilson Ave,14786,14948,-162,29734
CHI02124,Dearborn St & Maple St,14892,14741,151,29633
TA1307000127,Clark St & Grace St,14794,14814,-20,29608
CHI00275,Ogden Ave & Chicago Ave,15140,14459,681,29599
TA1305000034,Honore St & Division St,14396,15136,-740,29532
CHI00477,Lincoln Ave & Melrose St,14578,14923,-345,29501
CHI00335,Southport Ave & Belmont Ave,14727,14768,-41,29495
CHI00468,Sheridan Rd & Buena Ave,14764,14649,115,29413
15576,Lakefront Trail & Bryn Mawr Ave,14245,15078,-833,29323
13084,California Ave & Milwaukee Ave,14618,14699,-81,29317
TA1306000015,Sangamon St & Lake St,13784,15414,-1630,29198
TA1306000014,Wilton Ave & Diversey Pkwy,14129,14937,-808,29066
SL-011,Wells St & Polk St,14801,14118,683,28919
CHI00269,Honore St & Division St,14161,14752,-591,28913
23001,Elizabeth St & Randolph St,14375,14534,-159,28909
CHI02025,Michigan Ave & 9th St,15350,13522,1828,28872
KA1504000146,Clark St & Berwyn Ave,14112,14757,-645,28869
13128,Clark St & North Ave,14198,14646,-448,28844
CHI02087,Hampden Ct & Diversey Pkwy,14291,14504,-213,28795
CHI01903,Elizabeth St & Randolph St,14361,14425,-64,28786
KA1504000134,Ritchie Ct & Banks St,14454,14082,372,28536
13133,Damen Ave & Cortland St,14112,14412,-300,28524
13217,Calumet Ave & 33rd St,14395,13972,423,28367
CHI00750,Orleans St & Hubbard St,14530,13836,694,28366
13389,Clarendon Ave & Junior Ter,14187,14050,137,28237
CHI02108,Wabash Ave & Washington St,13783,14254,-471,28037
TA1308000029,Stetson Ave & South Water St,14483,13496,987,27979
TA1309000008,Franklin St & Adams St,14045,13933,112,27978
KA1503000044,Rush St & Hubbard St,13926,14042,-116,27968
CHI00558,Burnham Harbor,14244,13643,601,27887
CHI00398,Canal St & Monroe St,14321,13541,780,27862
13243,Milwaukee Ave & Wabansia Ave,13707,13997,-290,27704
TA1309000036,Burling St & Diversey Pkwy,13593,14085,-492,27678
CHI00781,Financial Pl & Ida B Wells Dr,14143,13508,635,27651
TA1305000039,Elston Ave & Cortland St,13822,13818,4,27640
KP1705001026,LaSalle Dr & Huron St,14137,13412,725,27549
TA1307000163,Clifton Ave & Armitage Ave,13496,14038,-542,27534
22004,Blackstone Ave & 59th St,13877,13507,370,27384
13056,Canal St & Monroe St,13892,13419,473,27311
CHI00438,Dearborn St & Adams St 1,13290,14011,-721,27301
CHI00432,Stetson Ave & South Water St,14472,12798,1674,27270
CHI02327,Dearborn St & Erie St,13632,13631,1,27263
TA1307000064,Lincoln Ave & Diversey Pkwy,13626,13578,48,27204
CHI00339,Southport Ave & Wrightwood Ave,13440,13751,-311,27191
13160,May St & Taylor St,13726,13400,326,27126
13036,Michigan Ave & Madison St,13468,13592,-124,27060
CHI00407,Halsted St & Willow St,13552,13502,50,27054
CHI00272,Broadway & Wilson Ave,13544,13420,124,26964
CHI00318,Damen Ave & Division St,13435,13529,-94,26964
CHI00322,May St & Taylor St,13641,13246,395,26887
13029,Field Museum,14704,11976,2728,26680
CHI00555,Rush St & Hubbard St,13642,13022,620,26664
CHI00273,Racine Ave & Fullerton Ave,13150,13459,-309,26609
CHI00359,Halsted St & Polk St,13701,12893,808,26594
CHI00461,Clark St & Leland Ave,13294,13128,166,26422
TA1309000001,Halsted St & Maxwell St,12989,13369,-380,26358
CHI00243,Michigan Ave & 18th St,13234,13046,188,26280
TA1307000164,Woodlawn Ave & 55th St,13583,12613,970,26196
CHI02111,Halsted St & Armitage Ave,12955,13161,-206,26116
CHI02039,Calumet Ave & 18th St,13164,12946,218,26110
CHI01988,Green St & Randolph St,12959,13125,-166,26084
TA1307000113,Southport Ave & Wrightwood Ave,12880,13196,-316,26076
13085,Kedzie Ave & Milwaukee Ave,12900,13149,-249,26049
13132,Damen Ave & Chicago Ave,12557,13438,-881,25995
TA1309000042,Lincoln Ave & Melrose St,12663,13259,-596,25922
13229,Southport Ave & Belmont Ave,13011,12864,147,25875
13034,Michigan Ave & Pearson St,12857,12939,-82,25796
CHI00286,Carpenter St & Huron St,13280,12508,772,25788
CHI00453,Franklin St & Adams St,12318,13413,-1095,25731
CHI01837,Lincoln Ave & Roscoe St,12794,12880,-86,25674
KA1503000072,Wacker Dr & Washington St,12832,12782,50,25614
TA1305000005,Dearborn St & Adams St,12873,12706,167,25579
CHI00264,Sheffield Ave & Willow St,12640,12736,-96,25376
KA1504000079,Larrabee St & Division St,12983,12220,763,25203
15545,Burnham Harbor,12691,12451,240,25142
CHI01787,Wacker Dr & Washington St,11969,13087,-1118,25056
TA1309000027,Sheridan Rd & Buena Ave,12555,12420,135,24975
TA1307000166,Halsted St & Willow St,12294,12476,-182,24770
CHI02056,Aberdeen St & Carroll Ave,12477,12232,245,24709
CHI00604,Wabash Ave & 16th St,12474,11964,510,24438
CHI00216,Clark St & Ida B Wells Dr,13373,10946,2427,24319
CHI01928,Wells St & Institute Pl,12292,11940,352,24232
13156,Aberdeen St & Monroe St,12491,11737,754,24228
CHI00423,Woodlawn Ave & 55th St,12367,11789,578,24156
TA1308000019,Racine Ave & Belmont Ave,12101,11997,104,24098
CHI00254,Damen Ave & Wicker Park Ave,11622,12441,-819,24063
13150,Michigan Ave & 18th St,12162,11875,287,24037
TA1309000011,Ellis Ave & 58th St,11978,11954,24,23932
13196,Carpenter St & Huron St,12167,11699,468,23866
CHI01751,Michigan Ave & Pearson St,12292,11555,737,23847
TA1309000014,Clark St & Leland Ave,11797,11928,-131,23725
CHI00786,Wabash Ave & Adams St,11793,11868,-75,23661
TA1309000063,Lake Park Ave & 56th St,11651,12002,-351,23653
13194,Ogden Ave & Race Ave,11703,11946,-243,23649
SL-010,Financial Pl & Ida B Wells Dr,12851,10752,2099,23603
CHI01209,Lakefront Trail & Wilson Ave,11743,11784,-41,23527
CHI00270,Sheridan Rd & Argyle St,11720,11786,-66,23506
22002,Woodlawn Ave & 58th St,11364,11880,-516,23244
CHI00457,Noble St & Milwaukee Ave,11684,11485,199,23169
636,Orleans St & Hubbard St,11618,11486,132,23104
13068,Western Ave & Winnebago Ave,11549,11537,12,23086
KA1504000104,Paulina St & Flournoy St,11609,11390,219,22999
chargingstx3,Green St & Randolph St*,11177,11694,-517,22871
CHI00608,Clark St & Bryn Mawr Ave,11325,11542,-217,22867
CHI01774,State St & Harrison St,11666,11095,571,22761
CHI01748,900 W Harrison St,11821,10932,889,22753
CHI00296,Damen Ave & Thomas St (Augusta Blvd),11239,11416,-177,22655
CHI02088,Broadway & Oakdale Ave,11295,11348,-53,22643
CHI01996,Woodlawn Ave & 58th St,11312,11297,15,22609
TA1306000032,Sheffield Ave & Willow St,11000,11608,-608,22608
CHI00439,Sangamon St & Washington Blvd,11242,11360,-118,22602
CHI02169,Larrabee St & Kingsbury St 2,11621,10947,674,22568
CHI00321,Aberdeen St & Monroe St,11565,10972,593,22537
TA1309000064,Wolcott Ave & Polk St,11240,11034,206,22274
CHI00232,Greenview Ave & Fullerton Ave,10760,11428,-668,22188
CHI00437,Halsted St & Maxwell St,10957,11218,-261,22175
13102,Calumet Ave & 18th St,11140,11028,112,22168
CHI00501,Wolcott Ave & Polk St,11165,10956,209,22121
13136,Damen Ave & Division St,10895,11175,-280,22070
CHI00441,Larrabee St & Armitage Ave,10998,11029,-31,22027
TA1307000001,Greenview Ave & Fullerton Ave,10576,11344,-768,21920
CHI00271,State St & Pearson St,11465,10446,1019,21911
CHI00563,Broadway & Granville Ave,10886,11010,-124,21896
CHI00562,Clark St & Montrose Ave,11117,10743,374,21860
CHI00627,Paulina St & Flournoy St,10988,10857,131,21845
chargingstx5,Lincoln Ave & Roscoe St*,10686,11155,-469,21841
CHI01183,Wood St & Chicago Ave,10841,10995,-154,21836
CHI00617,Marine Dr & Ainslie St,10900,10920,-20,21820
CHI00349,Eckhart Park,10954,10851,103,21805
CHI00414,Broadway & Berwyn Ave,10817,10980,-163,21797
13006,LaSalle St & Washington St,10933,10861,72,21794
CHI01806,Blackstone Ave & 59th St,11018,10741,277,21759
CHI00333,Ashland Ave & Blackhawk St,10783,10961,-178,21744
13409,Sangamon St & Washington Blvd,10620,11071,-451,21691
KA1504000116,Larrabee St & Oak St,11072,10593,479,21665
CHI00280,Elizabeth St & Fulton St,10840,10706,134,21546
WL-011,Jefferson St & Monroe St,11092,10356,736,21448
CHI01251,Orleans St & Chestnut St (NEXT Apts),11078,10333,745,21411
CHI00365,Clarendon Ave & Leland Ave,10674,10697,-23,21371
TA1305000035,State St & Van Buren St,11022,10291,731,21313
CHI00370,Desplaines St & Randolph St,11186,10051,1135,21237
CHI00250,Michigan Ave & Ida B Wells Dr,10876,10236,640,21112
CHI02366,North Ave Beach,10213,10879,-666,21092
CHI00571,Broadway & Thorndale Ave,10419,10649,-230,21068
CHI00246,State St & Van Buren St,11216,9797,1419,21013
CHI02081,Green St & Lake St,10439,10535,-96,20974
15535,Desplaines St & Randolph St,10934,9899,1035,20833
CHI02074,Franklin St & Washington St,10184,10645,-461,20829
CHI00381,Damen Ave & Leland Ave,10436,10374,62,20810
SL-012,Wabash Ave & 16th St,10585,10104,481,20689
CHI00311,Broadway & Argyle St,10263,10416,-153,20679
CHI00460,Ellis Ave & 58th St,10400,10215,185,20615
TA1305000009,Clark St & Ida B Wells Dr,10542,10070,472,20612
TA1307000061,State St & Pearson St,10646,9941,705,20587
CHI00338,Ashland Ave & Chicago Ave,10117,10363,-246,20480
CHI00258,Paulina Ave & North Ave,10131,10198,-67,20329
13053,Green St & Washington Blvd,9758,10550,-792,20308
CHI00481,Southport Ave & Irving Park Rd,10265,10032,233,20297
CHI02182,St. Clair St & Erie St 2,10110,10176,-66,20286
CHI01915,Michigan Ave & Madison St,10347,9889,458,20236
CHI02012,Ashland Ave & Augusta Blvd,10195,10006,189,20201
CHI00229,Ogden Ave & Race Ave,10089,10053,36,20142
CHI00282,Western Ave & Winnebago Ave,10141,9984,157,20125
CHI00612,Delano Ct & Roosevelt Rd,10435,9581,854,20016
CHI02021,Wentworth Ave & Cermak Rd*,9663,10346,-683,20009
TA1309000006,Larrabee St & Armitage Ave,9936,10048,-112,19984
13353,Ada St & Washington Blvd,10129,9853,276,19982
620,Orleans St & Chestnut St (NEXT Apts),10413,9545,868,19958
KA1503000007,Cornell Ave & Hyde Park Blvd,10113,9793,320,19906
CHI00701,Larrabee St & Oak St,10130,9723,407,19853
KA1504000151,Clark St & Bryn Mawr Ave,9661,10148,-487,19809
TA1309000043,Southport Ave & Irving Park Rd,10021,9761,260,19782
13224,Ashland Ave & Blackhawk St,9688,10064,-376,19752
CHI00379,Green St & Washington Blvd,9796,9940,-144,19736
CHI02122,Clark St & Eddy St,9492,10218,-726,19710
13289,Eckhart Park,9954,9737,217,19691
TA1307000070,Damen Ave & Thomas St (Augusta Blvd),9782,9801,-19,19583
CHI01076,Dearborn St & Van Buren St,10387,9156,1231,19543
CHI00278,Ada St & Washington Blvd,10161,9378,783,19539
SL-007,State St & Harrison St,10353,9125,1228,19478
637,Wood St & Chicago Ave,9539,9755,-216,19294
TA1305000017,Halsted St & Roosevelt Rd,9909,9348,561,19257
CHI00788,Wood St & Augusta Blvd,9681,9576,105,19257
CHI00607,McCormick Place,10184,9032,1152,19216
CHI00428,Leavitt St & North Ave,9728,9465,263,19193
18003,Fairbanks St & Superior St,9574,9618,-44,19192
CHI00513,Jefferson St & Monroe St,10225,8890,1335,19115
13290,Noble St & Milwaukee Ave,9721,9344,377,19065
CHI01542,Clinton St & Tilden St,10115,8881,1234,18996
13139,Throop St & Taylor St,9363,9629,-266,18992
CHI01114,Sheridan Rd & Noyes St (NU),9564,9416,148,18980
13197,Elizabeth St & Fulton St,9540,9396,144,18936
CHI00506,Racine Ave & Wrightwood Ave,9247,9589,-342,18836
PI00002,Streeter Dr/Grand Ave,9331,9406,-75,18737
13109,Broadway & Berwyn Ave,9307,9421,-114,18728
CHI00408,Ashland Ave & Wellington Ave,9160,9549,-389,18709
CHI00697,Fairbanks St & Superior St,9366,9302,64,18668
TA1305000004,McCormick Place,9843,8755,1088,18598
CHI02098,Peoria St & Kinzie St,9296,9281,15,18577
KA1503000022,Clark St & Montrose Ave,9395,9153,242,18548
CHI02034,Cornell Ave & Hyde Park Blvd,9325,9202,123,18527
13108,Broadway & Argyle St,9252,9263,-11,18515
13215,Rhodes Ave & 32nd St,9447,9065,382,18512
CHI00226,[Archived] Wilton Ave & Diversey Pkwy,9042,9439,-397,18481
CHI00425,Lincoln Ave & Sunnyside Ave,9084,9285,-201,18369
CHI00737,Benson Ave & Church St,9148,9180,-32,18328
CHI00297,Larrabee St & North Ave,9422,8871,551,18293
TA1309000059,Racine Ave & Wrightwood Ave,8896,9277,-381,18173
TA1305000037,Paulina Ave & North Ave,8958,9182,-224,18140
22003,University Ave & 59th St,8945,9192,-247,18137
KA1503000059,Lake Park Ave & 53rd St,8911,9170,-259,18081
CHI00382,Southport Ave & Diversey Pkwy,8942,9119,-177,18061
13059,Sheridan Rd & Argyle St,8971,9054,-83,18025
CHI02153,Broadway & Roscoe Ave,8949,8957,-8,17906
CHI00466,Southport Ave & Clybourn Ave,8778,9117,-339,17895
CHI02055,Wilton Ave & Addison St,8815,8954,-139,17769
639,Lakefront Trail & Wilson Ave,8758,8940,-182,17698
TA1309000030,Southport Ave & Clybourn Ave,8440,9242,-802,17682
CHI00585,Ellis Ave & 53rd St,8965,8673,292,17638
18067,Walsh Park,8775,8748,27,17523
TA1306000025,Racine Ave & Congress Pkwy,8988,8528,460,17516
13269,Ashland Ave & Wellington Ave,8541,8939,-398,17480
CHI00435,Western Ave & Leland Ave,8698,8758,-60,17456
13247,Ashland Ave & Chicago Ave,8529,8910,-381,17439
CHI02143,St Clair St & Ohio St,8727,8689,38,17416
22001,Wells St & Institute Pl,9277,8136,1141,17413
13319,Ashland Ave & Grace St,8771,8633,138,17404
CHI00497,Clinton St & Roosevelt Rd,8568,8816,-248,17384
13037,Clinton St & Tilden St,8924,8459,465,17383
CHI00357,Wolcott (Ravenswood) Ave & Montrose Ave,8663,8688,-25,17351
CHI02110,Hudson Ave & Armitage Ave,8709,8558,151,17267
CHI00559,Lake Park Ave & 53rd St,8624,8592,32,17216
CHI00403,Damen Ave & Charleston St,8579,8585,-6,17164
CHI02089,Broadway & Sunnyside Ave,8598,8557,41,17155
CHI00344,Clybourn Ave & Division St,8843,8309,534,17152
KA1504000171,Marine Dr & Ainslie St,8565,8493,72,17058
TA1307000119,Clarendon Ave & Leland Ave,8491,8550,-59,17041
CHI00511,Stony Island Ave & 57th St,8641,8375,266,17016
WL-008,Clinton St & Roosevelt Rd,8386,8577,-191,16963
KA1706005007,Delano Ct & Roosevelt Rd,8990,7939,1051,16929
15575,Broadway & Thorndale Ave,8320,8524,-204,16844
CHI00574,Griffin Museum of Science and Industry,8635,8188,447,16823
CHI00416,Wabash Ave & Wacker Pl,8652,8149,503,16801
CHI00263,Orleans St & Elm St,8807,7982,825,16789
15571,Broadway & Granville Ave,8304,8470,-166,16774
TA1305000010,Michigan Ave & Ida B Wells Dr,8652,8052,600,16704
13164,Racine Ave & 18th St,8305,8358,-53,16663
CHI00276,Ashland Ave & Wrightwood Ave,8181,8477,-296,16658
CHI02112,Lincoln Ave & Dickens Ave,8217,8299,-82,16516
CHI00262,Larrabee St & Menomonee St,8339,8138,201,16477
TA1306000008,Larrabee St & North Ave,8442,7992,450,16434
13080,Hermitage Ave & Polk St,8134,8227,-93,16361
13248,Ashland Ave & Augusta Blvd,8250,8082,168,16332
CHI00625,Damen Ave & Foster Ave,8208,8109,99,16317
CHI02184,Canal St & Lake St,8144,8127,17,16271
CHI00277,Racine Ave & 18th St,8159,8109,50,16268
CHI00467,Leavitt St & Armitage Ave,8196,8000,196,16196
KA1504000103,Western Ave & Walton St,7818,8347,-529,16165
CHI00576,Western Ave & Walton St,8068,8096,-28,16164
CHI00417,Damen Ave & Ohio St,7975,8165,-190,16140
TA1307000158,Damen Ave & Leland Ave,8120,7997,123,16117
CHI02193,Riverside Plaza & Adams St,8159,7892,267,16051
TA1307000140,Western Ave & Leland Ave,7915,8117,-202,16032
CHI00391,Winthrop Ave & Lawrence Ave,7985,7990,-5,15975
CHI00713,Leavitt St & Chicago Ave,7900,8069,-169,15969
20246.0,N Green St & W Lake St,8141,7760,381,15901
CHI00443,Blue Island Ave & 18th St,7816,8083,-267,15899
TA1308000021,Winthrop Ave & Lawrence Ave,7826,8072,-246,15898
657,Wood St & Augusta Blvd,8115,7760,355,15875
CHI00389,Throop St & Taylor St,7793,8071,-278,15864
CHI00492,Sheridan Rd & Lawrence Ave,7905,7942,-37,15847
CHI01666,LaSalle St & Calhoun Pl,7633,8193,-560,15826
CHI00716,Walsh Park,8211,7587,624,15798
CHI00532,Canal St & Taylor St,7788,7965,-177,15753
CHI01913,University Ave & 59th St,7931,7819,112,15750
CHI00341,Campbell Ave & North Ave,7950,7792,158,15742
CHI00364,Halsted St & Roosevelt Rd,8275,7347,928,15622
CHI00384,Ashland Ave & Lake St,7976,7638,338,15614
CHI02167,Harper Ave & 55th St,7835,7769,66,15604
604,Sheridan Rd & Noyes St (NU),7778,7802,-24,15580
CHI00265,Racine Ave & Congress Pkwy,8137,7442,695,15579
TA1309000041,Sheridan Rd & Lawrence Ave,7827,7681,146,15508
CHI00503,Ashland Ave & Grace St,7754,7747,7,15501
CHI00700,California Ave & Cortez St,7596,7825,-229,15421
CHI00309,Ravenswood Ave & Irving Park Rd,7647,7750,-103,15397
TA1309000029,Leavitt St & Armitage Ave,7661,7684,-23,15345
CHI02140,Wacker Dr & Randolph St,7307,8009,-702,15316
13294,Greenview Ave & Diversey Pkwy,7505,7806,-301,15311
CHI00440,Wood St & Taylor St (Temp),7916,7363,553,15279
CHI00560,Calumet Ave & 21st St,7652,7624,28,15276
KA1503000052,Ellis Ave & 53rd St,7801,7460,341,15261
CHI00314,Cannon Dr & Fullerton Ave,7520,7734,-214,15254
CHI00636,Humboldt Blvd & Armitage Ave,7717,7525,192,15242
13206,Loomis St & Jackson Blvd,7500,7737,-237,15237
13257,Campbell Ave & North Ave,7797,7389,408,15186
CHI00475,Seeley Ave & Roscoe St,7468,7634,-166,15102
CHI00647,Artesian Ave & Hubbard St,7819,7237,582,15056
596,Benson Ave & Church St,7447,7589,-142,15036
TA1307000156,Lincoln Ave & Sunnyside Ave,7393,7642,-249,15035
CHI02043,Chicago Ave & Sheridan Rd,7486,7495,-9,14981
TA1306000006,Orleans St & Elm St,7749,7218,531,14967
13124,Cannon Dr & Fullerton Ave,7189,7756,-567,14945
CHI00479,Morgan St & 18th St,7406,7517,-111,14923
15550,Canal St & Taylor St,7390,7530,-140,14920
CHI02141,Rush St & Illinois St,7493,7395,98,14888
CHI00464,Lincoln Ave & Belle Plaine Ave,7348,7406,-58,14754
chargingstx07,Wentworth Ave & Cermak Rd*,6808,7902,-1094,14710
CHI02102,Wells St & Madison St,6544,8163,-1619,14707
CHI00283,Hermitage Ave & Polk St,7310,7373,-63,14683
CHI02158,Pine Grove Ave & Wellington Ave,7298,7366,-68,14664
13285,Wood St & Taylor St (Temp),7595,7020,575,14615
CHI00484,Damen Ave & Wellington Ave,7213,7397,-184,14610
TA1307000149,Ravenswood Ave & Irving Park Rd,7220,7346,-126,14566
13144,Seeley Ave & Roscoe St,7081,7458,-377,14539
13163,Morgan St & 18th St,7090,7354,-264,14444
KA1503000074,Griffin Museum of Science and Industry,7308,7094,214,14402
13288,Damen Ave & Charleston St,7103,7283,-180,14386
624,Dearborn St & Van Buren St,7341,7039,302,14380
17660,California Ave & Cortez St,6943,7415,-472,14358
CHI00791,Racine Ave & Washington Blvd,7291,7064,227,14355
CHI02105,Halsted St & Belden St,7060,7208,-148,14268
CHI00635,Spaulding Ave & Armitage Ave,6976,7238,-262,14214
13296,Ashland Ave & Wrightwood Ave,6951,7163,-212,14114
15650,Spaulding Ave & Armitage Ave,6885,7220,-335,14105
CHI00451,LaSalle St & Adams St,6655,7360,-705,14015
chargingstx2,Wilton Ave & Diversey Pkwy*,6973,7030,-57,14003
CHI00463,Paulina St & Montrose Ave,7070,6914,156,13984
CHI02127,Racine Ave & Broadway,7001,6982,19,13983
CHI02095,Green St & Chicago Ave,7150,6800,350,13950
CHI01879,Lincoln Ave & Byron St,6946,6977,-31,13923
654,Racine Ave & Washington Blvd,6937,6956,-19,13893
KA1503000034,LaSalle St & Adams St,6987,6902,85,13889
CHI00471,Ravenswood Ave & Berteau Ave,6904,6977,-73,13881
CHI00613,Glenwood Ave & Morse Ave,6896,6950,-54,13846
CHI00303,Sedgwick St & Schiller St,7168,6642,526,13810
CHI02103,Noble St & Ohio St,6951,6808,143,13759
13434,Ashland Ave & Grand Ave,6774,6974,-200,13748
TA1307000144,Wolcott (Ravenswood) Ave & Montrose Ave,6891,6852,39,13743
TA1309000021,Paulina St & Montrose Ave,6969,6772,197,13741
CHI00230,Loomis St & Jackson Blvd,6963,6775,188,13738
13398,Blackstone Ave & Hyde Park Blvd,6999,6694,305,13693
TA1307000115,Clybourn Ave & Division St,6936,6704,232,13640
CHI00337,Broadway & Ridge Ave,6709,6924,-215,13633
TA1306000007,Larrabee St & Menomonee St,6774,6852,-78,13626
SL-009,Clark St & 9th St (AMLI),7118,6503,615,13621
CHI00615,Leavitt St & Belmont Ave,6719,6883,-164,13602
CHI00386,MLK Jr Dr & 29th St,7018,6581,437,13599
13135,Blue Island Ave & 18th St,6511,7082,-571,13593
E008,Chicago Ave & Sheridan Rd,6804,6782,22,13586
CHI00512,California Ave & Francis Pl,6921,6664,257,13585
CHI02328,Inner Lake Shore Dr & Aldine Ave,6744,6838,-94,13582
CHI00362,Ashland Ave & Grand Ave,6920,6656,264,13576
CHI00836,Sheffield Ave & Armitage Ave Public Rack,6624,6806,-182,13430
CHI02026,Fort Dearborn Dr & 31st St*,6646,6716,-70,13362
15578,Broadway & Ridge Ave,6407,6879,-472,13286
CHI02075,Milwaukee Ave & Fullerton Ave,6655,6602,53,13257
CHI02114,Lincoln Ave & Montana St,6564,6631,-67,13195
CHI00312,Paulina St & 18th St,6492,6641,-149,13133
TA1308000006,Damen Ave & Grand Ave,6569,6564,5,13133
TA1308000005,Leavitt St & North Ave,6432,6682,-250,13114
13241,Western Ave & Division St,6544,6540,4,13084
CHI00375,Western Ave & Division St,6723,6344,379,13067
CHI00261,Morgan Ave & 14th Pl,6622,6403,219,13025
CHI02166,May St & Hubbard St,6488,6514,-26,13002
CHI02168,Wabash Ave & Jackson Blvd,6243,6751,-508,12994
CHI01776,Clark St & 9th St (AMLI),6746,6196,550,12942
13073,Ashland Ave & Lake St,6760,6149,611,12909
TA1308000031,Logan Blvd & Elston Ave,6133,6758,-625,12891
22005,Drexel Ave & 60th St,6243,6590,-347,12833
CHI00619,Damen Ave & Lake St,6465,6358,107,12823
TA1309000026,Lincoln Ave & Belle Plaine Ave,6298,6514,-216,12812
CHI00424,Halsted St & 18th St,6477,6254,223,12731
CHI00410,Logan Blvd & Elston Ave,6128,6584,-456,12712
CHI00459,Damen Ave & Sunnyside Ave,6356,6318,38,12674
TA1307000129,State St & 35th St,6091,6572,-481,12663
15655,Albany Ave & Bloomingdale Ave,6475,6181,294,12656
TA1309000055,Emerald Ave & 31st St,6200,6441,-241,12641
13266,Stave St & Armitage Ave,6206,6419,-213,12625
CHI00348,Damen Ave & Clybourn Ave,6118,6457,-339,12575
CHI00577,Kimball Ave & Belmont Ave,6182,6377,-195,12559
CHI00446,Lincoln Ave & Waveland Ave,6162,6378,-216,12540
18058,Leavitt St & Chicago Ave,6019,6473,-454,12492
13268,Damen Ave & Wellington Ave,5969,6414,-445,12383
CHI02118,Halsted St & Fulton St,6211,6157,54,12368
CHI00516,Damen Ave & Melrose Ave,6044,6292,-248,12336
CHI02131,Milwaukee Ave & Armitage Ave,6159,6175,-16,12334
15546,Calumet Ave & 21st St,6127,6068,59,12195
CHI00289,Milwaukee Ave & Rockwell St,6210,5981,229,12191
CHI00320,Racine Ave & Randolph St,6293,5851,442,12144
CHI00645,Albany Ave & Bloomingdale Ave,6297,5841,456,12138
CHI00442,Kedzie Ave & Palmer Ct,6235,5884,351,12119
CHI02101,Riley O'Neil Memorial Station at City Hall,6110,5999,111,12109
CHI00499,Wood St & Hubbard St,5958,6129,-171,12087
15651,Humboldt Blvd & Armitage Ave,6088,5939,149,12027
CHI02116,Sangamon St & Adams St,6082,5867,215,11949
CHI01983,Peterson/Ridge Metra,5939,5918,21,11857
CHI00642,Clark St & Lunt Ave,5925,5893,32,11818
15664,Artesian Ave & Hubbard St,6314,5500,814,11814
CHI01902,Drexel Ave & 60th St,5878,5919,-41,11797
CHI00223,State St & 33rd St,5894,5892,2,11786
CHI02072,Wells St & Washington St,5861,5912,-51,11773
chargingstx06,Fort Dearborn Dr & 31st St*,5731,6017,-286,11748
CHI00520,Blackstone Ave & Hyde Park Blvd,5971,5774,197,11745
13292,Kedzie Ave & Palmer Ct,5885,5804,81,11689
CHI00478,Lincoln Ave & Addison St,5701,5983,-282,11684
13259,California Ave & Francis Pl,6025,5606,419,11631
13271,Damen Ave & Clybourn Ave,5648,5929,-281,11577
23002,Lincoln Ave & Byron St,5728,5846,-118,11574
CHI00787,Leavitt St & Division St,5852,5713,139,11565
CHI00412,Stave St & Armitage Ave,5757,5769,-12,11526
CHI02139,Carpenter St & Fulton St,5746,5758,-12,11504
CHI00752,Sheridan Rd & Arthur Ave,5726,5768,-42,11494
TA1307000159,Paulina St & 18th St,5641,5847,-206,11488
KA1503000038,Shields Ave & 31st St,5671,5742,-71,11413
CHI00340,California Ave & Division St,5627,5769,-142,11396
TA1306000002,Morgan Ave & 14th Pl,5685,5706,-21,11391
CHI00268,California Ave & North Ave,5735,5651,84,11386
13253,Lincoln Ave & Waveland Ave,5512,5771,-259,11283
CHI00486,Emerald Ave & 31st St,5492,5734,-242,11226
KA17018068,Leavitt St & Belmont Ave,5498,5690,-192,11188
13432,Wood St & Hubbard St,5416,5649,-233,11065
TA1307000143,Sedgwick St & Schiller St,5714,5335,379,11049
RP-009,Sheridan Rd & Loyola Ave,5444,5581,-137,11025
TA1309000018,Ravenswood Ave & Berteau Ave,5444,5565,-121,11009
CHI00433,Southport Ave & Clark St,5729,5254,475,10983
CHI02155,Sheridan Rd & Berwyn Ave,5415,5503,-88,10918
658,Leavitt St & Division St,5494,5361,133,10855
CHI00214,Campbell Ave & Montrose Ave,5309,5524,-215,10833
CHI02175,Dearborn St & Adams St 2,5251,5536,-285,10787
CHI02133,Damen Ave & Wabansia Ave,5377,5385,-8,10762
13099,Halsted St & 18th St,5297,5341,-44,10638
KA1504000175,Glenwood Ave & Morse Ave,5280,5337,-57,10617
CHI00005,Milwaukee Ave & Wabansia Ave,5356,5213,143,10569
KA1504000149,Damen Ave & Foster Ave,5270,5289,-19,10559
CHI02100,The Salt Shed,5414,5049,365,10463
CHI02330,Museum Campus Metra Station,5289,5160,129,10449
CHI00515,Ashland Ave & 13th St,5155,5207,-52,10362
KA1504000162,Clark St & Lunt Ave,5105,5143,-38,10248
13143,Damen Ave & Melrose Ave,4896,5343,-447,10239
CHI00431,Morgan St & 31st St,5014,5189,-175,10203
CHI00621,Wabash Ave & Cermak Rd,5089,5105,-16,10194
CHI02121,Halsted St & Lake St,5037,5136,-99,10173
13258,California Ave & North Ave,5032,5105,-73,10137
CHI00472,Leavitt St & Argyle,5162,4915,247,10077
TA1309000050,Lincoln Ave & Addison St,4864,5167,-303,10031
CHI00610,Talman Ave & Addison St,4857,5152,-295,10009
TA1308000036,Indiana Ave & 31st St,4885,5113,-228,9998
CHI00550,Central Park Ave & Elbridge Ave,5027,4970,57,9997
TA1309000012,Damen Ave & Sunnyside Ave,4996,4996,0,9992
CHI01050,Sheridan Rd & Columbia Ave,5001,4953,48,9954
CHI00224,Calumet Ave & 33rd St,5032,4875,157,9907
TA1308000046,Morgan St & 31st St,4810,5037,-227,9847
13075,Wentworth Ave & Cermak Rd,4681,5124,-443,9805
CHI02135,Damen Ave & St Paul Ave,4837,4952,-115,9789
13242,Milwaukee Ave & Rockwell St,4884,4889,-5,9773
CHI00616,California Ave & Fletcher St,4778,4981,-203,9759
CHI00581,Rockwell St & Eastwood Ave,4701,4988,-287,9689
CHI02151,Malden St & Wilson Ave,4854,4816,38,9670
CHI00300,California Ave & Montrose Ave,4711,4915,-204,9626
CHI00489,Canal St & Harrison St,4838,4784,54,9622
644,Western Ave & Fillmore St,4822,4778,44,9600
13155,Racine Ave & Randolph St,4692,4846,-154,9538
TA1309000015,Leavitt St & Lawrence Ave,4913,4602,311,9515
CHI00962,Avers Ave & Belmont Ave,4657,4857,-200,9514
CHI02119,Wood St & Milwaukee Ave,4581,4901,-320,9482
CHI02132,Paulina St & Cortland St,4709,4741,-32,9450
13081,Ogden Ave & Congress Pkwy,4869,4571,298,9440
CHI00628,California Ave & Altgeld St,4651,4728,-77,9379
CHI00331,Wood St & Webster Ave,4676,4698,-22,9374
15646,California Ave & Altgeld St,4564,4806,-242,9370
CHI00235,Clinton St & 18th St,4741,4614,127,9355
13256,California Ave & Division St,4487,4848,-361,9335
KA17018054,Damen Ave & Lake St,4589,4708,-119,9297
CHI02144,Racine Ave & Webster Ave,4547,4679,-132,9226
CHI01287,Greenview Ave & Jarvis Ave,4696,4509,187,9205
CHI00328,Rhodes Ave & 32nd St,4669,4491,178,9160
CHI02171,Dorchester Ave & 53rd St,4668,4490,178,9158
15622,California Ave & Montrose Ave,4430,4631,-201,9061
CHI02137,Clark St & Fletcher St,4510,4502,8,9012
TA1305000001,Wabash Ave & Cermak Rd,4527,4484,43,9011
CHI00267,Damen Ave & Cullerton St,4368,4635,-267,9003
CHI02176,Dearborn St & Washington St,4380,4612,-232,8992
TA1307000005,Indiana Ave & 26th St,4520,4374,146,8894
CHI00529,Leavitt St & Addison St,4370,4476,-106,8846
CHI00834,Southport Ave & Newport Ave Public Rack,4278,4545,-267,8823
15623,Campbell Ave & Montrose Ave,4306,4504,-198,8810
CHI02145,Sedgwick St & Chicago Ave,4588,4199,389,8787
CHI00361,Clark St & Schreiber Ave,4375,4407,-32,8782
CHI02038,Chicago Ave & Washington St,4370,4401,-31,8771
KA1504000148,Clark St & Elmdale Ave,4250,4518,-268,8768
CHI00614,Western Ave & Roscoe St,4319,4399,-80,8718
13354,Ashland Ave & 13th St,4126,4574,-448,8700
CHI00599,Winchester Ave & Elston Ave,4249,4448,-199,8697
TA1308000047,Southport Ave & Clark St,4547,4124,423,8671
CHI00556,Shields Ave & 31st St,4391,4227,164,8618
CHI00380,Ashland Ave & Belle Plaine Ave,4389,4216,173,8605
CHI00552,Richmond St & Diversey Ave,4294,4293,1,8587
CHI00434,Racine Ave & 15th St,4418,4156,262,8574
TA1309000032,Elston Ave & Wabansia Ave,4120,4439,-319,8559
CHI00401,Halsted St & 35th St,4282,4267,15,8549
520,Greenview Ave & Jarvis Ave,4304,4231,73,8535
20.0,Damen Ave & Wabansia Ave,4594,3890,704,8484
CHI00237,Indiana Ave & 26th St,4319,4161,158,8480
CHI00284,May St & Cullerton St,4233,4246,-13,8479
660,Sheridan Rd & Columbia Ave,4223,4243,-20,8466
CHI02162,Halsted St & Melrose St,4188,4251,-63,8439
CHI00217,Washtenaw Ave & Lawrence Ave,4118,4310,-192,8428
TA1307000044,Clinton St & 18th St,4188,4204,-16,8392
CHI02367,DuSable Lake Shore Dr & Balbo Dr,4358,4012,346,8370
13326,Canal St & Harrison St,4436,3913,523,8349
CHI00500,Elston Ave & Wabansia Ave,4220,4114,106,8334
KA1504000090,St. Louis Ave & Fullerton Ave,4124,4203,-79,8327
428,Milwaukee Ave & Fullerton Ave,4365,3944,421,8309
20254.0,W Armitage Ave & N Sheffield Ave,4302,3928,374,8230
15632,Talman Ave & Addison St,3959,4266,-307,8225
CHI00676,State St & 19th St,4083,4095,-12,8178
KA1503000004,Lake Park Ave & 35th St,4229,3938,291,8167
CHI02096,Larrabee St & Clybourn Ave,4318,3836,482,8154
CHI00631,Clark St & Elmdale Ave,3998,4151,-153,8149
CHI02185,Blackstone Ave & 53rd St,4100,4038,62,8138
CHI02123,Kedzie Ave & Armitage Ave,4136,3952,184,8088
CHI00352,Laflin St & Cullerton St,4013,4047,-34,8060
KA1504000093,Rockwell St & Eastwood Ave,3960,4095,-135,8055
CHI02006,Archer Ave & Wentworth Ave,3807,4226,-419,8033
CHI02104,Campbell Ave & Augusta Blvd,4042,3957,85,7999
13304,Racine Ave & 15th St,4019,3977,42,7996
CHI00535,California Ave & Byron St,3841,4143,-302,7984
CHI02365,North Ave Beach Pedestrian Bridge,4009,3975,34,7984
CHI02138,Sheffield Ave & Fletcher St,4035,3943,92,7978
CHI00305,Ogden Ave & Congress Pkwy,4206,3771,435,7977
13249,Ashland Ave & Belle Plaine Ave,4040,3926,114,7966
TA1307000048,Fort Dearborn Dr & 31st St,4057,3806,251,7863
KA1504000140,Winchester Ave & Elston Ave,3672,4162,-490,7834
CHI00215,Avondale Ave & Irving Park Rd,3963,3856,107,7819
CHI02165,Noble St & Potomac Ave,3800,3949,-149,7749
CHI02207,Sheffield Ave & School St,3909,3820,89,7729
CHI02157,Southport Ave & Grace St,3900,3805,95,7705
KA150400009X,Kimball Ave & Belmont Ave,3802,3889,-87,7691
15445,Wentworth Ave & 33rd St,3763,3923,-160,7686
CHI00426,Halsted St & Archer Ave,3985,3589,396,7574
CHI02120,Leavitt St & Augusta Blvd,3907,3635,272,7542
CHI02066,Sheffield/Newport Corral,3778,3746,32,7524
KA1504000156,Clark St & Schreiber Ave,3601,3881,-280,7482
CHI00702,Central Park Ave & Bloomingdale Ave,3660,3806,-146,7466
CHI02179,Sacramento Ave & Linden Pl,3713,3720,-7,7433
TA1308000013,Halsted St & Archer Ave,3785,3610,175,7395
15644,Central Park Ave & Elbridge Ave,3587,3763,-176,7350
15634,Western Ave & Roscoe St,3563,3763,-200,7326
CHI00548,Lincoln Ave & Winona St,3586,3729,-143,7315
CHI00343,State St & 35th St,3626,3683,-57,7309
15648,Campbell Ave & Fullerton Ave,3494,3793,-299,7287
15443,Shields Ave & 28th Pl,3470,3783,-313,7253
CHI02164,Oakley Ave & Lyndale St,3571,3670,-99,7241
15624,Avondale Ave & Irving Park Rd,3791,3430,361,7221
13307,Laflin St & Cullerton St,3481,3738,-257,7219
CHI00584,Harper Ave & 59th St,3703,3502,201,7205
CHI02180,Spaulding Ave & Milwaukee Ave,3631,3552,79,7183
CHI01768,Albany Ave & Montrose Ave,3506,3672,-166,7178
13089,Damen Ave & Cullerton St,3356,3784,-428,7140
13134,Damen Ave & Madison St,3728,3405,323,7133
15645,Richmond St & Diversey Ave,3428,3681,-253,7109
CHI00638,Francisco Ave & Foster Ave,3547,3557,-10,7104
CHI00404,Claremont Ave & Hirsch St,3541,3543,-2,7084
CHI02363,DuSable Lake Shore Dr & Jackson Blvd,3701,3372,329,7073
CHI02033,Wentworth Ave & 35th St,3774,3298,476,7072
CHI01214,Paulina St & Howard St,3551,3494,57,7045
15642,California Ave & Fletcher St,3292,3742,-450,7034
CHI00219,St. Louis Ave & Fullerton Ave,3487,3540,-53,7027
13331,May St & Cullerton St,3455,3565,-110,7020
CHI00768,Western Ave & Fillmore St,3413,3602,-189,7015
CHI02080,Francisco Ave & Chicago Ave,3454,3557,-103,7011
CHI00317,Damen Ave & Madison St,3762,3228,534,6990
SL-013,State St & 19th St,3546,3443,103,6989
CHI00570,Troy St & Elston Ave,3339,3643,-304,6982
TA1307000138,Wood St & Webster Ave,3397,3580,-183,6977
13245,Claremont Ave & Hirsch St,3548,3415,133,6963
CHI00323,Halsted St & 21st St,3543,3414,129,6957
CHI00371,Sheridan Rd & Greenleaf Ave,3479,3406,73,6885
CHI00623,Kosciuszko Park,3435,3449,-14,6884
CHI02128,Broadway & Cuyler Ave,3530,3338,192,6868
CHI00754,Clark St & Columbia Ave,3441,3424,17,6865
410,Campbell Ave & Augusta Blvd,3700,3147,553,6847
KA1503000070,Harper Ave & 59th St,3800,3045,755,6845
CHI02032,Lake Park Ave & 35th St,3482,3314,168,6796
PI00003,Leavitt St/North Ave,3349,3435,-86,6784
CHI02065,Eddy/Seminary Corral,3723,3051,672,6774
CHI01208,University Library (NU),3334,3418,-84,6752
CHI02134,Wood St & Cortland St,3368,3352,16,6720
KA1504000080,Washtenaw Ave & Lawrence Ave,3257,3446,-189,6703
CHI00634,Campbell Ave & Fullerton Ave,3312,3369,-57,6681
CHI02170,Kenwood Ave & 57th St,3401,3261,140,6662
15628,California Ave & Byron St,3159,3494,-335,6653
CHI00641,Troy St & North Ave,3369,3270,99,6639
RP-008,Clark St & Columbia Ave,3358,3254,104,6612
CHI00773,Hoyne Ave & Balmoral Ave,3280,3301,-21,6581
CHI00369,Oakley Ave & Irving Park Rd,3299,3271,28,6570
CHI02106,Seminary Ave & Belden Ave,3238,3332,-94,6570
KA1504000143,Leavitt St & Addison St,3240,3314,-74,6554
18001,Clark St & Newport St,3020,3531,-511,6551
13162,Halsted St & 21st St,3195,3356,-161,6551
13345,Calumet Ave & 35th St,3176,3345,-169,6521
605,University Library (NU),3149,3297,-148,6446
20251.0,N Carpenter St & W Lake St,3565,2876,689,6441
655,Hoyne Ave & Balmoral Ave,3179,3259,-80,6438
13127,Halsted St & Roscoe St,3190,3215,-25,6405
CHI00593,Monticello Ave & Irving Park Rd,3143,3256,-113,6399
KA1504000158,Oakley Ave & Irving Park Rd,3130,3262,-132,6392
CHI00808,Carpenter St & Lake St Public Rack,3176,3207,-31,6383
CHI02071,Waveland/Racine Corral,3137,3220,-83,6357
15643,Kosciuszko Park,3068,3284,-216,6352
TA1308000043,Halsted St & 35th St,3114,3238,-124,6352
15668,Western Ave & Congress Pkwy,3208,3141,67,6349
E002,Chicago Ave & Washington St,3162,3159,3,6321
CHI00644,Spaulding Ave & Division St,3094,3172,-78,6266
15631,Troy St & Elston Ave,2910,3291,-381,6201
CHI00630,Winchester (Ravenswood) Ave & Balmoral Ave,3001,3159,-158,6160
202480.0,Hampden Ct & Diversey Ave,3050,3097,-47,6147
TA1308000002,Greenwood Ave & 47th St,3196,2950,246,6146
CHI00519,Wentworth Ave & 33rd St,3118,3017,101,6135
CHI02117,Western Ave & Wabansia Ave,3195,2928,267,6123
KA1504000126,Kedzie Ave & Leland Ave,2994,3116,-122,6110
KA1504000139,Monticello Ave & Irving Park Rd,2977,3129,-152,6106
15640,Avers Ave & Belmont Ave,2959,3140,-181,6099
CHI00639,Kedzie Ave & Leland Ave,2995,3099,-104,6094
CHI00653,Western Ave & Congress Pkwy,3076,3013,63,6089
CHI01237,Smith Park,2867,3215,-348,6082
TA1307000153,Emerald Ave & 28th St,3138,2919,219,6057
CHI00366,Lake Park Ave & 47th St,2958,3087,-129,6045
CHI00833,Paulina St & Lincoln Ave Public Rack,2932,3091,-159,6023
CHI00718,Cherry Ave & Blackhawk St,3065,2955,110,6020
CHI02173,Clark St & Madison St,3014,3004,10,6018
525,Glenwood Ave & Touhy Ave,3004,2908,96,5912
CHI00302,Christiana Ave & Lawrence Ave,2875,2992,-117,5867
CHI00746,Malcolm X College,3077,2752,325,5829
CHI02333,Lakewood Ave & Addison St,2954,2863,91,5817
CHI00409,Wentworth Ave & 24th St,2747,3052,-305,5799
CHI02183,Rockwell St & Division St,2868,2885,-17,5753
KA1503000005,Wentworth Ave & 35th St,2908,2778,130,5686
CHI02154,Damen Ave & Evergreen Ave,2841,2823,18,5664
TA1308000035,Lake Park Ave & 47th St,2712,2943,-231,5655
KA1504000159,Sheridan Rd & Greenleaf Ave,2829,2818,11,5647
13064,Wells St & Huron St,2974,2648,326,5622
CHI00222,Fort Dearborn Dr & 31st St,3021,2548,473,5569
643,Smith Park,2601,2937,-336,5538
15621,Albany Ave & Montrose Ave,2697,2830,-133,5527
KA1504000160,Francisco Ave & Foster Ave,2724,2760,-36,5484
631,Malcolm X College,2721,2755,-34,5476
CHI02107,Leavitt St & Hirsch St,2756,2606,150,5362
CHI00536,Drake Ave & Addison St,2636,2708,-72,5344
CHI02082,Rockwell St & Fletcher St,2695,2646,49,5341
CHI00782,Wells St & 19th St,2763,2577,186,5340
515,Paulina St & Howard St,2680,2652,28,5332
CHI00855,N Green St & W Lake St,2613,2691,-78,5304
CHI02174,Halsted St & Court Pl,2662,2612,50,5274
CHI00422,Greenwood Ave & 47th St,2639,2608,31,5247
CHI02142,Franklin St & Madison St,2835,2408,427,5243
CHI01942,Milwaukee Ave & Ainslie St,2634,2564,70,5198
CHI02346,Pine Grove Ave & Belmont Ave,2549,2598,-49,5147
KA1504000147,Winchester (Ravenswood) Ave & Balmoral Ave,2420,2665,-245,5085
CHI02369,Navy Pier Public Rack - East,2494,2582,-88,5076
CHI02136,Paulina St & Adams St,2548,2503,45,5051
18069,Cherry Ave & Blackhawk St,2535,2491,44,5026
KA1504000078,Lincoln Ave & Winona St,2464,2561,-97,5025
TA1308000026,Wentworth Ave & 24th St,2377,2644,-267,5021
CHI00580,Ogden Ave & Roosevelt Rd,2698,2312,386,5010
SL-006,Wells St & 19th St,2509,2489,20,4998
TA1308000045,Wallace St & 35th St,2547,2446,101,4993
18017,Central Park Ave & Bloomingdale Ave,2394,2573,-179,4967
15654,Spaulding Ave & Division St,2464,2473,-9,4937
CHI00633,Manor Ave & Leland Ave,2374,2543,-169,4917
CHI02061,Clark/Newport Corral,2445,2455,-10,4900
15653,Troy St & North Ave,2426,2463,-37,4889
CHI02085,Kedzie Ave & George St,2434,2429,5,4863
CHI01143,Glenwood Ave & Touhy Ave,2478,2366,112,4844
CHI02383,North Ave Beach Overflow Corral,2781,2062,719,4843
CHI01222,Dempster CTA,2462,2351,111,4813
CHI00436,Indiana Ave & 31st St,2340,2431,-91,4771
CHI00373,Emerald Ave & 28th St,2403,2367,36,4770
CHI02083,Western Ave & Grace St,2379,2365,14,4744
CHI02060,Addison/Racine Corral,2350,2390,-40,4740
KA1504000142,Drake Ave & Addison St,2378,2361,17,4739
CHI02084,Elston Ave & George St,2369,2332,37,4701
CHI00579,Sawyer Ave & Irving Park Rd,2280,2369,-89,4649
15615,Christiana Ave & Lawrence Ave,2194,2430,-236,4624
CHI00590,Western Ave & Granville Ave,2224,2398,-174,4622
CHI00801,Western Ave & Lunt Ave,2123,2435,-312,4558
KA1504000101,Ogden Ave & Roosevelt Rd,2330,2176,154,4506
CHI00514,Shields Ave & 28th Pl,2196,2292,-96,4488
CHI02370,Navy Pier Public Rack - West,2195,2258,-63,4453
CHI02160,Marshfield Ave & Wabansia Ave,2251,2190,61,4441
CHI02129,Western Ave & Lyndale St,2214,2222,-8,4436
CHI02156,Granville Ave & Clark St,2205,2190,15,4395
KA1504000117,Halsted St & North Branch St,2551,1828,723,4379
CHI01097,Eastlake Ter & Howard St,2248,2104,144,4352
CHI01212,Clark St & Jarvis Ave,2251,2072,179,4323
CHI02086,Francisco Ave & Bloomingdale Ave,2271,2008,263,4279
KA1503000065,Woodlawn Ave & Lake Park Ave,2222,2056,166,4278
RP-005,Western Ave & Lunt Ave,2076,2201,-125,4277
CHI02298,Public Rack - Wells St & Scott St,2100,2177,-77,4277
CHI00588,Streeter Dr/Grand Ave,2078,2136,-58,4214
CHI02130,Rockwell Ave & Logan Blvd,2141,2070,71,4211
KA1504000127,Manor Ave & Leland Ave,2059,2122,-63,4181
CHI02172,Shore Dr & 53rd St,2151,2008,143,4159
661,Evanston Civic Center,2120,2009,111,4129
CHI00315,63rd St Beach,2087,2040,47,4127
CHI00387,Wallace St & 35th St,2100,2026,74,4126
CHI00227,Drake Ave & Montrose Ave,2069,2051,18,4120
CHI02294,Public Rack - Rush St & Oak St,2011,2063,-52,4074
CHI00346,Prairie Ave & Garfield Blvd,1950,2123,-173,4073
CHI00632,North Branch St & Haines St,2337,1722,615,4059
CHI02332,Winthrop Ave & Bryn Mawr Ave,1997,2048,-51,4045
CHI02068,Racine/Eddy Corral,1982,2042,-60,4024
CHI01815,Wacker Dr & Washington St Corral,2266,1741,525,4007
20253.0,N Paulina St & Lincoln Ave,2093,1913,180,4006
15667,Western Ave & Monroe St,1989,2010,-21,3999
CHI02126,Sacramento Ave & Lyndale St,2084,1865,219,3949
20257.0,N Southport Ave & W Newport Ave,2125,1816,309,3941
CHI02152,Marshfield Ave & Diversey Pkwy,1927,2007,-80,3934
435,Rockwell St & Fletcher St,2126,1806,320,3932
13091,Western Ave & 21st St,1895,2029,-134,3924
CHI00659,St. Louis Ave & Balmoral Ave,1922,1977,-55,3899
CHI02147,Western Ave & Berteau Ave,1942,1943,-1,3885
CHI02331,Franklin St & Randolph St,2070,1811,259,3881
CHI02048,South Shore Dr & 71st St,1862,1930,-68,3792
CHI02069,Addison/Sheffield SW Corral,2238,1549,689,3787
CHI02040,MLK Jr Dr & Pershing Rd,1893,1890,3,3783
CHI00663,Keystone Ave & Fullerton Ave,1823,1927,-104,3750
CHI02041,Central St Metra,1833,1906,-73,3739
CHI00228,Racine Ave & 13th St,1892,1833,59,3725
CHI02059,Clark/Racine Corral,2224,1459,765,3683
20247.0,W Washington Blvd & N Peoria St,2623,1012,1611,3635
CHI02148,Western Ave & Gunnison St,1817,1816,1,3633
523,Eastlake Ter & Howard St,1872,1752,120,3624
13230,Racine Ave & Belmont Ave,1815,1793,22,3608
CHI00308,Western Ave & 21st St,1836,1770,66,3606
CHI02360,Obama Presidential Center,1807,1772,35,3579
CHI00652,Western Ave & Monroe St,1743,1829,-86,3572
CHI02097,Morgan St & Hubbard St,1867,1700,167,3567
KA1503000040,Loomis St & Archer Ave,1835,1717,118,3552
E006,Central St Metra,1738,1805,-67,3543
CHI02364,Lincoln Park Zoo,1796,1740,56,3536
517,Clark St & Jarvis Ave,1803,1729,74,3532
472,Elston Ave & George St,1833,1699,134,3532
TA1308000014,Normal Ave & Archer Ave,1757,1770,-13,3527
15446,Racine Ave & 35th St,1692,1781,-89,3473
CHI00400,Cottage Grove Ave & Oakwood Blvd,1602,1844,-242,3446
13420,MLK Jr Dr & Pershing Rd,1710,1728,-18,3438
CHI02192,Kimball Ave & Wrightwood Ave,1802,1633,169,3435
CHI01955,California Ave & Granville Ave,1669,1757,-88,3426
CHI02178,Sawyer Ave & Fullerton Ave,1756,1668,88,3424
KA1504000097,Drake Ave & Montrose Ave,1655,1745,-90,3400
KA1503000069,Dorchester Ave & 49th St,1775,1624,151,3399
CHI01543,Franklin St & Adams St Corral,1710,1683,27,3393
KA1504000096,Sawyer Ave & Irving Park Rd,1602,1789,-187,3391
CHI01881,McCormick Blvd & Devon Ave,1684,1699,-15,3383
CHI00637,Central Park Ave & North Ave,1667,1687,-20,3354
CHI00355,Calumet Ave & 35th St,1738,1597,141,3335
CHI00602,Warren Park West,1533,1772,-239,3305
CHI00458,Clinton St & Polk St,1640,1617,23,3257
13165,Racine Ave & 13th St,1658,1576,82,3234
CHI00669,Western Ave & Howard St,1590,1642,-52,3232
CHI00651,Kedzie Ave & Foster Ave,1613,1604,9,3217
15542,Clinton St & Polk St,1532,1678,-146,3210
CHI01777,Monticello Ave & Lawrence Ave,1656,1551,105,3207
CHI02067,Sheffield/Cornelia Corral,1581,1625,-44,3206
CHI00527,Dorchester Ave & 49th St,1663,1542,121,3205
CHI01756,LaSalle St & Calhoun Pl Corral,1957,1247,710,3204
KA1503000029,South Shore Dr & 67th St,1563,1622,-59,3185
TA1307000160,Prairie Ave & Garfield Blvd,1591,1567,24,3158
CHI00882,Damen Ave & Chicago Ave Public Rack,1559,1598,-39,3157
16010,Keystone Ave & Fullerton Ave,1577,1567,10,3144
15491,63rd St Beach,1562,1581,-19,3143
18016,Bernard St & Elston Ave,1599,1528,71,3127
CHI00334,Woodlawn Ave & Lake Park Ave,1571,1555,16,3126
CHI02291,Public Rack - Dearborn St & Kinzie St 1,1516,1587,-71,3103
411,Francisco Ave & Chicago Ave,1724,1378,346,3102
CHI02241,Public Rack - Racine Ave & Nelson St,1529,1572,-43,3101
CHI00698,Bernard St & Elston Ave,1551,1530,21,3081
CHI02359,Ravenswood Ave & Grace St,1525,1544,-19,3069
CHI00739,Elmwood Ave & Austin St,1509,1556,-47,3065
CHI02042,Central St & Girard Ave,1536,1517,19,3053
20252.0,W Oakdale Ave & N Broadway,1610,1420,190,3030
KA1504000164,Keystone Ave & Montrose Ave,1465,1528,-63,2993
23101,McCormick Blvd & Devon Ave,1507,1482,25,2989
RP-001,Warren Park West,1402,1569,-167,2971
CHI00587,Cottage Grove Ave & 63rd St,1459,1511,-52,2970
CHI00292,Loomis St & Archer Ave,1518,1452,66,2970
CHI00806,Washington Blvd & Peoria St Public Rack,1731,1233,498,2964
KA1503000002,South Shore Dr & 71st St,1449,1505,-56,2954
CHI00643,Keystone Ave & Montrose Ave,1487,1459,28,2946
CHI00319,Leavitt St & Archer Ave,1487,1421,66,2908
527,Western Ave & Howard St,1497,1411,86,2908
CHI02320,Public Rack - Kingsbury Ave & Blackhawk St,1428,1471,-43,2899
13324,Pine Grove Ave & Irving Park Rd,1463,1434,29,2897
431,Western Ave & Grace St,1515,1370,145,2885
KA1503000046,Dorchester Ave & 63rd St,1385,1494,-109,2879
CHI02355,Lake/Green Corral,1372,1496,-124,2868
KA1504000129,Western Ave & Granville Ave,1384,1482,-98,2866
15442,Ashland Ave & Archer Ave,1449,1389,60,2838
KA1503000054,Cottage Grove Ave & 63rd St,1387,1425,-38,2812
592,Knox Ave & Montrose Ave,1447,1362,85,2809
CHI00397,California Ave & 21st St,1333,1475,-142,2808
(ARCHIVE)CHI02079,Daley Center Plaza,1416,1386,30,2802
438,Western Ave & Berteau Ave,1412,1349,63,2761
CHI01825,Karlov Ave & Armitage Ave,1286,1475,-189,2761
CHI02062,Grace/Sheffield Corral,1333,1365,-32,2698
CHI00793,Ridge Blvd & Touhy Ave,1390,1300,90,2690
CHI02296,Public Rack - Wells St & North Ave,1320,1367,-47,2687
CHI02149,Lincoln Ave & Balmoral Ave,1322,1358,-36,2680
23108,Monticello Ave & Lawrence Ave,1401,1268,133,2669
CHI00751,Clark St & Touhy Ave,1330,1335,-5,2665
CHI00392,Normal Ave & Archer Ave,1329,1326,3,2655
CHI00456,Racine Ave & 35th St,1317,1322,-5,2639
CHI00733,Knox Ave & Montrose Ave,1374,1263,111,2637
CHI02007,Hampden Ct & Diversey Ave,1264,1367,-103,2631
CHI02079,Daley Center Plaza,1341,1284,57,2625
CHI02348,Kenmore Ave & Catalpa Ave,1283,1323,-40,2606
E007,Central St & Girard Ave,1312,1288,24,2600
TA1309000053,Cottage Grove Ave & 47th St,1265,1320,-55,2585
KA1503000068,Leavitt St & Archer Ave,1407,1163,244,2570
CHI02191,Drake Ave & Armitage Ave,1320,1248,72,2568
CHI00611,2112 W Peterson Ave,1279,1287,-8,2566
CHI00247,South Shore Dr & 67th St,1322,1232,90,2554
KA1504000128,Kedzie Ave & Foster Ave,1286,1266,20,2552
CHI02189,Milwaukee Ave & Wolfram St,1363,1185,178,2548
KA1504000161,St. Louis Ave & Balmoral Ave,1254,1292,-38,2546
CHI02077,Clark St & Lake St,1300,1246,54,2546
CHI00502,Cottage Grove Ave & 51st St,1285,1258,27,2543
20255.0,N Damen Ave & W Chicago Ave,1508,1022,486,2530
CHI00646,Kedzie Ave & Bryn Mawr Ave,1263,1251,12,2514
CHI02347,Glenwood Ave & Devon Ave,1273,1241,32,2514
CHI02031,Stony Island Ave & 63rd St,1222,1248,-26,2470
CHI00961,LaSalle St & Jackson Blvd Corral,1509,950,559,2459
CHI00741,Dodge Ave & Church St,1267,1192,75,2459
CHI00325,Western Ave & 24th St,1219,1240,-21,2459
436,Kedzie Ave & George St,1334,1108,226,2442
23104,California Ave & Granville Ave,1194,1241,-47,2435
TA1309000067,Cottage Grove Ave & 51st St,1218,1215,3,2433
CHI00350,Budlong Woods Library,1160,1250,-90,2410
CHI02245,Francisco Ave & Montrose Ave,1160,1241,-81,2401
TA1308000038,Cottage Grove Ave & Oakwood Blvd,1096,1294,-198,2390
CHI00664,Bosworth Ave & Howard St,1220,1165,55,2385
RP-006,Ridge Blvd & Touhy Ave,1205,1177,28,2382
CHI00566,Dorchester Ave & 63rd St,1137,1228,-91,2365
RP-007,Clark St & Touhy Ave,1173,1165,8,2338
CHI00415,Halsted St & 37th St,1176,1150,26,2326
CHI02329,Winthrop Ave & Sheridan Rd,1144,1179,-35,2323
430,Troy St & Grace St,1226,1096,130,2322
CHI00538,Pulaski Rd & Eddy St,1151,1165,-14,2316
CHI02317,Public Rack - Clybourn Ave & Webster Ave,1117,1198,-81,2315
CHI00620,Warren Park East,1163,1149,14,2312
CHI02058,Addison/Sheffield SE Corral,1306,1006,300,2312
CHI02403,Laflin St & Taylor St,1155,1152,3,2307
CHI00650,California Ave & Lake St,1251,1054,197,2305
CHI01041,Ridge Blvd & Howard St,1210,1095,115,2305
429,Francisco Ave & Bloomingdale Ave,1400,901,499,2301
CHI02092,Parnell Ave & 31st St,1143,1144,-1,2287
599,Valli Produce - Evanston Plaza,1126,1161,-35,2287
CHI02099,Wood St & Walnut St,1251,1034,217,2285
600,Dodge Ave & Church St,1168,1102,66,2270
CHI02091,Lock St & 31st St,1196,1069,127,2265
444,N Shore Channel Trail & Argyle St,1185,1075,110,2260
CHI02063,Addison/Wilton Corral,1201,1056,145,2257
RP-002,Warren Park East,1107,1145,-38,2252
CHI01994,University Ave & 65th St,1087,1157,-70,2244
CHI01767,Kedzie Ave & 48th Pl,1163,1070,93,2233
CHI02270,Public Rack - Michigan Ave & Wacker Dr (South),1080,1150,-70,2230
446,Francisco Ave & Montrose Ave,1146,1072,74,2218
CHI01539,St Louis Ave & Foster Ave,1124,1094,30,2218
20260.0,Ping Tom Park (East),1410,805,605,2215
CHI02285,Public Rack - Michigan Ave & Delaware Pl,1087,1119,-32,2206
CHI02377,Oak St Beach Public Rack - North,1065,1126,-61,2191
CHI02078,Franklin St & Monroe St,972,1217,-245,2189
CHI00657,Kedzie Ave & Chicago Ave,1120,1068,52,2188
CHI01061,Public Rack - Washtenaw Ave & Superior St,1084,1103,-19,2187
13213,State St & 29th St,1019,1160,-141,2179
24370,Milwaukee Ave & Ainslie St,1098,1071,27,2169
CHI01540,Wells St & Randolph St Corral,1234,929,305,2163
CHI00545,Prairie Ave & 43rd St,1014,1141,-127,2155
598,Elmwood Ave & Austin St,1068,1085,-17,2153
CHI00326,Wood St & 35th St,1052,1101,-49,2153
514,Ridge Blvd & Howard St,1094,1030,64,2124
23190,Karlov Ave & Armitage Ave,1020,1101,-81,2121
CHI00977,Valli Produce - Evanston Plaza,1063,1054,9,2117
CHI02090,Wallace St & 28th St,1090,1018,72,2108
CHI00445,Cottage Grove Ave & 43rd St,1070,1025,45,2095
16806,Bosworth Ave & Howard St,1047,1047,0,2094
15652,Central Park Ave & North Ave,1026,1067,-41,2093
PI00001,Damen Ave/Coulter St,1027,1065,-38,2092
CHI02190,Monticello Ave & Diversey Ave,1090,998,92,2088
KA1504000167,Kedzie Ave & Bryn Mawr Ave,1017,1069,-52,2086
CHI02312,Public Rack - Webster Ave & Halsted St,1007,1076,-69,2083
CHI00649,Leavitt St/North Ave,1041,1041,0,2082
CHI02378,Oak St Beach Public Rack - South,994,1087,-93,2081
CHI00399,MLK Jr Dr & 47th St,1052,1021,31,2073
21462,Lincoln Ave & Peterson Ave,1054,1018,36,2072
15666,California Ave & Lake St,1135,933,202,2068
432,Sacramento Blvd & Addison St,1056,1011,45,2067
CHI02044,Robert Crown Community Center,1040,1019,21,2059
CHI01868,Lincoln Ave & Peterson Ave,1016,1042,-26,2058
TA1308000023,Cottage Grove Ave & 43rd St,974,1063,-89,2037
CHI02264,Public Rack - Clark St & Diversey Pkwy (North 2),977,1030,-53,2007
590,Kilbourn Ave & Irving Park Rd,1010,985,25,1995
KA1504000130,Maplewood Ave & Peterson Ave,936,1052,-116,1988
CHI00694,Kilbourn Ave & Milwaukee Ave,1037,946,91,1983
CHI00488,Cottage Grove Ave & 49th St,971,1009,-38,1980
CHI00624,Damen Ave & Coulter St,993,978,15,1971
(ARCHIVE)CHI02078,Franklin St & Monroe St,878,1089,-211,1967
TA1309000003,Western Ave & 24th St,990,965,25,1955
CHI00586,DuSable Museum,998,952,46,1950
KA1706005015,Kildare Ave & Montrose Ave,989,923,66,1912
CHI01876,Pulaski Rd & 51st St,985,919,66,1904
CHI00951,Francisco Ave & Montrose Ave,940,955,-15,1895
23321,Kostner Ave & Wrightwood Ave,909,982,-73,1891
CHI00798,Orrington Ave & Clark St,927,956,-29,1883
855,Public Rack - Washtenaw Ave & Superior St,960,921,39,1881
CHI01081,Kilbourn Ave & Irving Park Rd,947,934,13,1881
CHI00692,Milwaukee Ave & Cuyler Ave,888,989,-101,1877
CHI00813,Lockwood Ave & Wrightwood Ave,919,952,-33,1871
CHI02177,Milwaukee Ave & Diversey Ave,1003,862,141,1865
445,Western Ave & Gunnison St,1027,838,189,1865
CHI01816,Kostner Ave & Wrightwood Ave,879,970,-91,1849
CHI01820,North Boundary Park,890,958,-68,1848
CHI02384,Theater on the Lake Overflow Corral,905,936,-31,1841
CHI02244,N Shore Channel Trail & Argyle St,878,942,-64,1820
15470,Calumet Ave & 51st St,877,943,-66,1820
RP-004,Oakley Ave & Touhy Ave,918,900,18,1818
CHI00655,Central Park Ave & Ogden Ave,983,835,148,1818
16991,Milwaukee Ave & Cuyler Ave,881,937,-56,1818
CHI00603,Oakley Ave & Touhy Ave,883,922,-39,1805
KA1504000155,2112 W Peterson Ave,889,913,-24,1802
CHI00629,Washtenaw Ave & Ogden Ave,952,831,121,1783
CHI00429,Calumet Ave & 51st St,906,870,36,1776
TA1308000007,MLK Jr Dr & 47th St,842,933,-91,1775
CHI00656,Kedzie Ave & 21st St,869,899,-30,1768
CHI01945,Kenneth Ave & Lawrence Ave,901,867,34,1768
KA1503000066,Wood St & 35th St,862,891,-29,1753
CHI02321,Public Rack - Kingsbury Ave & Eastman St,866,884,-18,1750
KA1503000027,Prairie Ave & 43rd St,822,918,-96,1740
CHI01788,Rockwell St & Archer Ave,856,880,-24,1736
475,Whipple/Irving Park,914,821,93,1735
CHI01266,Wolcott Ave & Fargo Ave,899,835,64,1734
CHI00609,Kildare Ave & Montrose Ave,925,809,116,1734
CHI00958,Damen Ave & Wabansia Ave,861,867,-6,1728
CHI00363,Ashland Ave & Archer Ave,843,872,-29,1715
KA1504000114,Kedzie Ave & Chicago Ave,725,986,-261,1711
CHI02361,Chicago Ave & Grove St,844,865,-21,1709
433,Elston Ave & Henderson St,906,802,104,1708
CHI01170,Conservatory Dr & Lake St,894,803,91,1697
CHI00592,Maplewood Ave & Peterson Ave,829,861,-32,1690
(ARCHIVE)CHI02077,Clark St & Lake St,873,812,61,1685
13096,California Ave & 21st St,812,873,-61,1685
KA1504000106,Kedzie Ave & Lake St,872,802,70,1674
CHI00528,Kedzie Ave & Lake St,875,799,76,1674
CHI02284,Public Rack - Michigan Ave & Wacker Dr (North),809,861,-52,1670
CHI02279,Public Rack - Rush St & Ontario St,811,854,-43,1665
CHI01901,Midway Orange Line,901,746,155,1647
CHI02301,Public Rack - Lincoln Ave & Fullteron Ave (Northwest),810,836,-26,1646
CHI02290,Public Rack - Orleans St & Grand Ave,807,829,-22,1636
CHI00546,Jeffery Blvd & 67th St,900,733,167,1633
T13243,Wabansia & Milwaukee,820,794,26,1614
21382,Kedzie Ave & 48th Pl,938,654,284,1592
CHI00231,State St & 29th St,784,805,-21,1589
CHI02255,Albany Ave & Belmont Ave,804,784,20,1588
KA1503000075,DuSable Museum,817,760,57,1577
CHI02297,Public Rack - Wells St & Schiller St,770,796,-26,1566
CHI01856,Kilbourn Ave & Belden Ave,737,823,-86,1560
CHI00888,Campbell Ave & Augusta Blvd,777,781,-4,1558
21343,Pulaski Rd & 51st St,879,676,203,1555
CHI02251,Elston Ave & Henderson St,713,835,-122,1548
15686,Kedzie Ave & 21st St,779,765,14,1544
CHI00923,Elston Ave & Henderson St,762,776,-14,1538
E011,Dodge Ave & Main St,752,782,-30,1534
CHI01800,Karlov Ave & Lawrence Ave,784,743,41,1527
443,California Ave & Winona St,787,730,57,1517
CHI02249,Campbell Ave & Irving Park Rd,721,791,-70,1512
24458,Peterson/Ridge Metra,758,745,13,1503
CHI02316,Public Rack - Southport Ave & Fullteron Ave,734,756,-22,1490
CHI01150,Public Rack - Hyde Park Blvd & 55th St,734,751,-17,1485
518,Conservatory Dr & Lake St,749,730,19,1479
434,Albany Ave & Belmont Ave,804,670,134,1474
CHI02306,Public Rack - Sangamon St & Fulton St,721,740,-19,1461
TA1307000161,Halsted St & 37th St,680,779,-99,1459
CHI00221,South Shore Dr & 74th St,722,735,-13,1457
CHI01780,Fairfield Ave & Pratt Blvd,713,743,-30,1456
442,Lincoln Ave & Balmoral Ave,753,700,53,1453
CHI00964,Dearborn St & Adams St Corral,1017,430,587,1447
15685,Central Park Ave & Ogden Ave,775,666,109,1441
951,Public Rack - Woodlawn Ave & 63rd St N,721,710,11,1431
15585,Budlong Woods Library,678,749,-71,1427
E014,Lincolnwood Dr & Central St,668,755,-87,1423
KA1504000113,Sacramento Blvd & Franklin Blvd,679,742,-63,1421
CHI02252,Sacramento Blvd & Addison St,722,690,32,1412
20249.0,N Clark St & W Elm St,708,703,5,1411
KA1504000141,Pulaski Rd & Eddy St,730,675,55,1405
CHI00963,LaSalle St & Adams St Corral,868,536,332,1404
CHI02265,Public Rack - Clark St & Diversey Pkwy (South),697,707,-10,1404
CHI00572,Hoyne Ave & 47th St,708,691,17,1399
CHI00735,Western Blvd & 48th Pl,696,699,-3,1395
662,Dodge Ave & Mulford St,681,710,-29,1391
CHI01826,Springfield Ave & North Ave,675,694,-19,1369
CHI01863,Central Park Ave & Ardmore Ave,631,733,-102,1364
18022,Archer (Damen) Ave & 37th St,675,687,-12,1362
CHI02045,Lincolnwood Dr & Central St,647,711,-64,1358
CHI01765,Kostner Ave & Belmont Ave,676,680,-4,1356
425,Rockwell St & Cermak Rd,757,593,164,1350
CHI00943,N Whipple St & Irving Park Rd,671,679,-8,1350
CHI00804,Princeton Ave & 47th St,724,626,98,1350
CHI02146,Rockwell St & Cermak Rd,676,670,6,1346
CHI00780,Jeffery Blvd & 71st St,679,664,15,1343
CHI01665,Hastings St Depot Public Rack,673,668,5,1341
KA1504000109,Washtenaw Ave & Ogden Ave,690,646,44,1336
16994,Kilbourn Ave & Milwaukee Ave,660,675,-15,1335
CHI01857,Kilbourn Ave & Roscoe St,693,640,53,1333
CHI00920,Troy St & Grace St,684,648,36,1332
CHI01848,Western Ave & Lake St,722,610,112,1332
CHI02302,Public Rack - Halsted St & Fullerton Ave,645,676,-31,1321
CHI00822,Ping Tom Park East Public Rack,700,609,91,1309
CHI02094,Rockwell/Irving Park Hub,646,662,-16,1308
23191,Springfield Ave & North Ave,658,639,19,1297
CHI02269,Public Rack - Wells St & Wacker Dr,635,656,-21,1291
CHI02263,Public Rack - Clark St & Diversey Pkwy (North 1),629,660,-31,1289
CHI02198,St Louis Ave & Armitage Ave,652,635,17,1287
CHI00660,California Ave & 23rd Pl,682,605,77,1287
CHI02024,Lowell Ave & Armitage Ave,602,672,-70,1274
CHI02319,Public Rack - Trader Joe's Clybourn Ave,635,637,-2,1272
499,Public Rack - Christiana Ave & Belmont Ave,671,598,73,1269
CHI00256,Indiana Ave & 40th St,623,640,-17,1263
CHI00922,Sacramento Blvd & Addison St,629,629,0,1258
CHI00582,Cottage Grove Ave & 67th St,615,642,-27,1257
13208,Burling St & Diversey Pkwy,621,631,-10,1252
439,Campbell Ave & Irving Park Rd,680,571,109,1251
CHI01952,Portage Park,611,639,-28,1250
21359,Kilbourn Ave & Belden Ave,620,628,-8,1248
519,Wolcott Ave & Fargo Ave,621,627,-6,1248
CHI00924,Albany Ave & Belmont Ave,658,586,72,1244
CHI02267,Public Rack - Desplaines St & Fulton St,617,625,-8,1242
21452,Richmond St & Lincoln Ave,613,627,-14,1240
CHI00927,Western Ave & Berteau Ave,606,626,-20,1232
594,Western Blvd & 48th Pl,627,597,30,1224
CHI01938,Milwaukee Ave & Agatite Ave,612,603,9,1215
CHI02278,Public Rack - Wells St & Lake St,579,635,-56,1214
CHI02272,Public Rack - Wacker Dr & Adams St,598,611,-13,1209
CHI02282,Public Rack - DuSable Lake Shore Dr & Ontario St,591,615,-24,1206
CHI00601,Ashland Ave & Pershing Rd,606,596,10,1202
23106,Kenneth Ave & Lawrence Ave,615,587,28,1202
CHI01925,Kedzie Ave & 57th St,582,617,-35,1199
653B,Stony Island Ave & 63rd St,595,601,-6,1196
CHI02280,Public Rack - Rush St & Ohio St,564,621,-57,1185
CHI00959,Keeler Ave & Carmen Ave,570,612,-42,1182
767,Public Rack - Hyde Park Blvd & 53rd St,725,457,268,1182
23110,Keeler Ave & Carmen Ave,565,616,-51,1181
CHI02322,Troy St & Grace St,567,613,-46,1180
398,Long & Irving Park,612,565,47,1177
CHI02027,Edgebrook Metra,588,571,17,1159
CHI00541,Austin Blvd & Lake St,608,548,60,1156
CHI02305,Public Rack - Carpenter St & Madison St,563,588,-25,1151
CHI00578,Fairfield Ave & Roosevelt Rd,581,568,13,1149
CHI00705,Archer (Damen) Ave & 37th St,601,547,54,1148
KA1504000091,Hoyne Ave & 47th St,607,533,74,1140
23107,Karlov Ave & Lawrence Ave,558,573,-15,1131
CHI02323,Whipple St & Irving Park Rd,548,578,-30,1126
20256.0,N Sheffield Ave & W Wellington Ave,639,477,162,1116
23112,St Louis Ave & Foster Ave,561,554,7,1115
CHI01278,Public Rack - Christiana Ave & Belmont Ave,552,559,-7,1111
CHI00220,Eberhart Ave & 61st St,528,582,-54,1110
21361,Kenosha Ave & Wellington Ave,560,549,11,1109
21379,Rockwell St & Archer Ave,545,560,-15,1105
CHI01858,Kenosha Ave & Wellington Ave,552,552,0,1104
Corral 1,Wrigley Events Parking Area,593,511,82,1104
21314,Narragansett Ave & Wrightwood Ave,534,569,-35,1103
KA1503000031,Cottage Grove Ave & 67th St,533,570,-37,1103
CHI01954,Melvina Ave & Giddings Ave,531,567,-36,1098
Corral 2,Weekend Night Parking Area A,531,554,-23,1085
24150,North Boundary Park,527,555,-28,1082
KA1503000030,Jeffery Blvd & 67th St,545,536,9,1081
CHI00928,Campbell Ave & Irving Park Rd,527,552,-25,1079
CHI01277,Public Rack - Monticello Ave & Belmont Ave,526,545,-19,1071
CHI01993,Kilbourn Ave & Diversey Ave,510,560,-50,1070
21312,Lockwood Ave & Wrightwood Ave,505,563,-58,1068
CHI01135,Public Rack - Milwaukee Ave & Haussen Ct,528,540,-12,1068
CHI02292,Public Rack - Dearborn St & Kinzie St 2,482,573,-91,1055
15689,California Ave & 23rd Pl,566,488,78,1054
CHI02015,Milwaukee Ave & Highland Ave,528,524,4,1052
CHI01810,Avers Ave & Foster Ave,532,515,17,1047
CHI00762,Princeton Ave & Garfield Blvd,522,524,-2,1046
CHI02287,Public Rack - Dearborn St & Superior St,486,559,-73,1045
CHI02230,California Ave & Winona St,547,496,51,1043
CHI00812,Narragansett Ave & Wrightwood Ave,514,527,-13,1041
CHI01419,Public Rack - Woodlawn Ave & 63rd St N,517,522,-5,1039
CHI01285,Public Rack - Jonathan Y Scammon Public School,506,517,-11,1023
24157,Central Park Ave & Ardmore Ave,506,513,-7,1019
KA1503000018,Jeffery Blvd & 71st St,503,512,-9,1015
CHI02318,Public Rack - Clybourn Ave & Dickens Ave,490,524,-34,1014
24153,Kostner Ave & Bryn Mawr Ave,510,500,10,1010
CHI00748,State St & 95th St,575,435,140,1010
CHI00858,Big Marsh Park,509,499,10,1008
CHI01801,Cicero Ave & Roscoe Ave,518,484,34,1002
CHI01878,Clark/Eddy,496,496,0,992
CHI01892,Bernard St & Peterson Ave,485,504,-19,989
CHI02073,Broadway & Oakdale Ave,492,497,-5,989
CHI01834,California Ave & Touhy Ave,474,511,-37,985
24323,Kilbourn Ave & Diversey Ave,465,516,-51,981
1524189,Lowell Ave & Armitage Ave,472,507,-35,979
20104,State St & 95th St,521,457,64,978
KA1503000009,Princeton Ave & 47th St,498,474,24,972
CHI00966,Public Rack - Kedzie Ave & Argyle St,474,494,-20,968
KA1503000020,South Shore Dr & 74th St,471,491,-20,962
21360,Kilbourn Ave & Roscoe St,485,474,11,959
CHI00918,Milwaukee Ave & Fullerton Ave,472,485,-13,957
CHI01763,Cicero Ave & Wrightwood Ave,449,504,-55,953
24148,Fairfield Ave & Pratt Blvd,441,509,-68,950
CHI02379,Theater on the Lake Public Rack - East,460,490,-30,950
CHI00549,Stony Island Ave & 71st St,478,471,7,949
CHI01003,Public Rack - Spaulding Ave & Evergreen Ave,466,478,-12,944
CHI00932,N Shore Channel Trail & Argyle St,491,452,39,943
CHI01986,Elston Ave & Carmen Ave,465,476,-11,941
CHI00554,Perry Ave & 69th St,484,457,27,941
CHI01910,Menard Ave & Lawrence Ave,466,464,2,930
CHI02216,California Ave & 16th St,463,467,-4,930
24289,Midway Orange Line,551,378,173,929
CHI01982,Linder Ave & Montrose Ave,472,456,16,928
CHI01827,Kildare Ave & North Ave,450,476,-26,926
768,Public Rack - Hyde Park Blvd & 55th St,452,471,-19,923
CHI02236,Public Rack - Rockwell St & Chicago Ave,447,465,-18,912
CHI02389,Noyes CTA,464,448,16,912
CHI02406,Ravenswood Ave & Sunnyside Ave,461,450,11,911
CHI01771,Laramie Ave & Irving Park Rd,457,452,5,909
CHI01898,Hoyne Ave & 34th St,438,466,-28,904
CHI00658,Central Park Ave & 24th St,446,452,-6,898
CHI00561,Stony Island Ave & 67th St,471,426,45,897
CHI02404,Lincoln Ave & Hutchinson St,441,453,-12,894
CHI01818,Kostner Ave & Bryn Mawr Ave,455,439,16,894
CHI01185,Public Rack - California Ave & Cortez St,408,481,-73,889
KA1503000045,Stony Island Ave & 71st St,451,435,16,886
21356,Lavergne Ave & Fullerton Ave,442,439,3,881
504,Public Rack - Milwaukee Ave & Diversey Ave,399,481,-82,880
458,Washtenaw Ave & Peterson Ave,461,415,46,876
24159,Kedvale Ave & Peterson Ave,439,436,3,875
CHI00756,Halsted St & 51st St,434,441,-7,875
CHI01779,Sacramento Ave & Lunt Ave,432,439,-7,871
CHI00815,Grace St & Cicero Ave,426,445,-19,871
546,Damen Ave & Pershing Rd,419,452,-33,871
CHI00967,Public Rack - Hamlin Ave & Montrose Ave,423,447,-24,870
CHI02385,Foster CTA,447,417,30,864
21322,Grace St & Cicero Ave,434,430,4,864
335.0,Komensky Ave & 31st St,442,415,27,857
CHI02242,Public Rack - Hoyne Ave & Walton St,421,432,-11,853
CHI01139,Damen Ave & Pershing Rd,424,428,-4,852
CHI01396,Public Rack - Washtenaw Ave & Devon Ave,416,436,-20,852
491,Public Rack - Kedzie Ave & Argyle St,422,428,-6,850
CHI02314,Public Rack - Southport Ave & Webster Ave,409,441,-32,850
CHI00597,Sacramento Blvd & Franklin Blvd,427,415,12,842
414,Sacramento Blvd & Fulton Ave,461,380,81,841
CHI01828,Lexington St & California Ave,405,428,-23,833
CHI01832,Sacramento Ave & Pratt Blvd,409,423,-14,832
20219,Burnham Greenway & 112th St,416,413,3,829
CHI02064,Waveland/Wilton Corral,411,416,-5,827
CHI02234,Western Ave & Ardmore Ave,399,424,-25,823
CHI00925,Rockwell St & Fletcher St,406,417,-11,823
24367,Milwaukee Ave & Agatite Ave,412,410,2,822
CHI00557,Stony Island Ave & 64th St,421,401,20,822
CHI01889,Kilpatrick Ave & Grand Ave,411,404,7,815
CHI01865,Richmond St & Lincoln Ave,403,409,-6,812
CHI02014,Hyacinth Ave & Milwaukee Ave,422,387,35,809
25001,Archer & Wentworth,376,430,-54,806
1052,Public Rack - Rockwell & Division,396,408,-12,804
CHI02407,Ashland Ave & Addison St,399,405,-6,804
KA1503000033,Eberhart Ave & 61st St,361,435,-74,796
CHI02309,Public Rack - Racine Ave & Armitage Ave,388,407,-19,795
CHI02273,Public Rack - Halsted St Metra Station,369,423,-54,792
CHI01967,Mason Ave & Montrose Ave,381,410,-29,791
CHI02002,Lavergne Ave & Lawrence Ave,434,353,81,787
KA1503000019,Stony Island Ave & 75th St,384,403,-19,787
23163,Laramie Ave & Irving Park Rd,351,434,-83,785
CHI02215,Lamon Ave & Belmont Ave,396,387,9,783
CHI00542,Central Park Blvd & 5th Ave,347,432,-85,779
CHI02286,Public Rack - Wabash Ave & Chicago Ave,370,408,-38,778
CHI02395,Northwestern Main Campus,397,379,18,776
CHI01850,Lavergne Ave & Fullerton Ave,374,401,-27,775
CHI01964,Farragut Ave & Central Ave,397,378,19,775
492,Public Rack - Hamlin Ave & Montrose Ave,388,386,2,774
23180,Cicero Ave & Wrightwood Ave,375,398,-23,773
KA1504000102,Fairfield Ave & Roosevelt Rd,376,396,-20,772
931,Public Rack - Western Ave & Devon Ave,372,397,-25,769
16920,Central Ave & Chicago Ave,419,345,74,764
CHI02325,Washtenaw Ave & Polk St,377,386,-9,763
CHI01399,Public Rack - Drake Ave & Leland Ave,375,385,-10,760
24211,Western Ave & Lake St,367,391,-24,758
CHI02303,Public Rack - Ogden Ave & Monroe St,372,385,-13,757
CHI01842,Wood St & 33rd St,385,371,14,756
CHI01900,Kedzie Ave & 60th St,365,391,-26,756
CHI00565,Stony Island Ave & 75th St,385,369,16,754
464,Western Ave & Ardmore Ave,399,353,46,752
CHI02392,Clark Beach,386,366,20,752
CHI01790,Fairfield Ave & 44th St,404,345,59,749
KA1503000023,Stony Island Ave & 67th St,376,372,4,748
CHI01760,Central Ave & Altgeld St,372,376,-4,748
KA1503000073,MLK Jr Dr & 56th St,387,360,27,747
CHI01841,California Ave & 41st St,371,373,-2,744
CHI01789,Laramie Ave & Addison St,384,359,25,743
CHI00672,Ashland Ave & McDowell Ave,345,397,-52,742
CHI01104,Cottage Grove Ave & 78th St,377,363,14,740
24376,University Ave & 65th St,348,390,-42,738
CHI00248,Union Ave & Root St,310,428,-118,738
CHI02283,Public Rack - St Clair St & Superior St,368,369,-1,737
CHI02268,Public Rack - Damen Ave & Division St,360,374,-14,734
CHI02266,Public Rack - Morgan St & Madison St,365,369,-4,734
16906,Austin Blvd & Lake St,384,348,36,732
20107,Walden Pkwy & 100th St,370,359,11,729
CHI02382,Navy Pier Overflow Corral,351,373,-22,724
CHI00930,Lincoln Ave & Balmoral Ave,373,349,24,722
CHI02351,Lake/Aberdeen Corral,345,375,-30,720
CHI01290,Public Rack - Hamlin Ave & Fullerton Ave,358,359,-1,717
CHI01758,Lockwood Ave & Grand Ave,369,347,22,716
KA1503000051,Halsted St & 47th Pl,373,340,33,713
CHI01977,Narragansett Ave & Montrose Ave,373,338,35,711
CHI00510,Central Park & Augusta Blvd,342,368,-26,710
20232,Big Marsh Park,353,353,0,706
CHI00523,Halsted St & 47th Pl,353,352,1,705
CHI01843,Harlem Ave & Irving Park Rd,364,340,24,704
CHI00589,Millard Ave & 26th St,357,346,11,703
24151,California Ave & Touhy Ave,344,359,-15,703
CHI01078,State St & 54th St,353,345,8,698
CHI02271,Public Rack - Dearborn St & Jackson Ave,328,370,-42,698
CHI01804,Marmora Ave & Irving Park Rd,334,362,-28,696
415,Western Ave & Lake St,427,267,160,694
CHI00795,Walden Pkwy & 100th St,344,349,-5,693
CHI00940,Elston Ave & George St,329,363,-34,692
CHI02350,Racine/Lake Corral,342,350,-8,692
KA1503000053,MLK Jr Dr & 63rd St,319,371,-52,690
CHI00824,Kildare Ave & Division St,368,321,47,689
23123,Dan Ryan Woods & 83rd St,342,346,-4,688
KA1503000001,Shields Ave & 43rd St,323,364,-41,687
513,Public Rack - Spaulding Ave & Evergreen Ave,341,346,-5,687
CHI01148,Public Rack - Milwaukee Ave & Diversey Ave,333,352,-19,685
CHI00926,Kedzie Ave & George St,337,347,-10,684
CHI00921,Western Ave & Grace St,330,351,-21,681
580,Exchange Ave & 79th St,339,342,-3,681
CHI02405,Ravenswood Ave & Roscoe St,327,354,-27,681
CHI01844,Western Ave & 43rd St,354,326,28,680
CHI02295,Public Rack - Clark St & Oak St,335,345,-10,680
CHI00811,Long Ave & Belmont Ave,352,328,24,680
KA1504000110,Millard Ave & 26th St,323,356,-33,679
CHI00712,Vernon Ave & 75th St,343,336,7,679
CHI01866,Mozart St & Jackson Blvd,320,357,-37,677
KA1503000013,Princeton Ave & Garfield Blvd,338,339,-1,677
23187,Lockwood Ave & Grand Ave,343,333,10,676
13083,Indiana Ave & 40th St,351,324,27,675
CHI01943,Lavergne Ave & Diversey Ave,308,367,-59,675
CHI00662,California Ave & 26th St,333,335,-2,668
CHI00814,Merrimac Park,350,315,35,665
16932,Ashland Ave & Pershing Rd,327,336,-9,663
CHI00567,MLK Jr Dr & 56th St,353,305,48,658
CHI02274,Public Rack - Wells St & Monroe St,329,328,1,657
24155,Kostner Ave & Devon Ave,332,325,7,657
CHI01101,Public Rack - Hyde Park Blvd & 53rd St,319,338,-19,657
15692,California Ave & 26th St,338,318,20,656
21346,Kedzie Ave & 57th St,330,326,4,656
CHI00534,Kedzie Ave & 24th St,322,331,-9,653
CHI00539,Central Ave & Lake St,319,333,-14,652
KA1503000049.1,Rainbow - Beach,327,324,3,651
24178,Meade Ave & Fullerton Ave,305,344,-39,649
21317,Long Ave & Belmont Ave,334,315,19,649
21380,Fairfield Ave & 44th St,289,356,-67,645
CHI02277,Public Rack - Wabash Ave & Balbo Dr,317,326,-9,643
CHI01504,Public Rack - Rockwell & Division,290,350,-60,640
441,Virginia Ave & Catalpa Ave,333,302,31,635
646,State St & 54th St,318,315,3,633
CHI00936,Western Ave & Ardmore Ave,319,310,9,629
500,Public Rack - Monticello Ave & Belmont Ave,315,314,1,629
CHI00931,California Ave & Winona St,334,295,39,629
23182,Central Ave & Altgeld St,329,298,31,627
24366,Linder Ave & Montrose Ave,308,315,-7,623
KA1503000047,Perry Ave & 69th St,332,290,42,622
20106,Chicago State University,321,299,22,620
CHI00679,Ashland Ave & 50th St,308,309,-1,617
CHI00596,Austin Blvd & Madison St,295,321,-26,616
23171,Leclaire Ave & Belmont Ave,292,324,-32,616
585,Cottage Grove Ave & 83rd St,293,322,-29,615
CHI02256,Sacramento Blvd & Fulton St,321,288,33,609
21326,Harlem Ave & Irving Park Rd,305,304,1,609
Corral 3,Weekend Night Parking Area B,397,211,186,608
CHI01984,Higgins Ave & Austin Ave,261,343,-82,604
CHI01914,Shabbona Park,268,335,-67,603
CHI00568,Wentworth Ave & 63rd St,318,284,34,602
CHI01919,Kedzie Ave & 54th Pl,295,306,-11,601
370,Central Park & Augusta Blvd,278,322,-44,600
CHI01906,Laramie Ave & Bloomingdale Ave,288,310,-22,598
CHI01422,Public Rack - South Shore Dr & 71st St,293,304,-11,597
512,Public Rack - California Ave & Cortez St,306,290,16,596
CHI01932,Long Ave & Diversey Ave,283,312,-29,595
CHI02413,Glenwood Ave & Ardmore Ave,293,302,-9,595
CHI00960,Addison Red Line,293,300,-7,593
CHI02289,Public Rack - Wells St & Grand Ave,293,300,-7,593
24369,Menard Ave & Lawrence Ave,286,305,-19,591
16918,Austin Blvd & Madison St,300,290,10,590
CHI02299,Public Rack - Orleans St & Ontario St,287,302,-15,589
23165,Cicero Ave & Roscoe Ave,301,287,14,588
CHI02000,Lynch Ave & Elston Ave,290,298,-8,588
CHI01778,Dan Ryan Woods & 83rd St,296,292,4,588
CHI00873,Burnham Greenway & 112th St,292,295,-3,587
CHI00901,Francisco Ave & Chicago Ave,287,300,-13,587
CHI02246,Virginia Ave & Catalpa Ave,289,297,-8,586
CHI01398,Public Rack - Jensen Park,286,298,-12,584
549,Marshfield Ave & 44th St,280,299,-19,579
24149,Sacramento Ave & Lunt Ave,290,289,1,579
877,Public Rack - Racine Ave & 109th Pl,291,287,4,578
20229,Baltimore Ave & 87th St,273,305,-32,578
CHI02409,Ravenswood Ave & Foster Ave,287,287,0,574
CHI00661,Albany Ave & 26th St,272,301,-29,573
CHI01124,Public Rack - Spaulding Ave & North Ave,282,290,-8,572
CHI00906,Washtenaw Ave & Polk St,319,252,67,571
21395,Shabbona Park,240,328,-88,568
CHI01985,Cumberland Ave & Catherine Ave,286,280,6,566
CHI01935,Wallace St & Pershing Rd,281,283,-2,564
CHI01836,California Ave & Madison St,328,232,96,560
Corral 11,Clark/Eddy,275,284,-9,559
CHI02353,Lake/Morgan Corral,262,296,-34,558
CHI01782,Nordica Ave & Medill Ave,290,268,22,558
426,California & 16th St,324,233,91,557
545,Kostner Ave & Adams St,282,273,9,555
CHI01764,Leclaire Ave & Belmont Ave,278,275,3,553
TA1309000051,Commercial Ave & 83rd St,269,284,-15,553
CHI02250,Central Park Ave & Augusta Blvd,265,287,-22,552
CHI02029,Halsted St & 96th St,266,286,-20,552
1012,Public Rack - Langley Ave & 49th St,269,281,-12,550
CHI00902,Sacramento Blvd & Fulton Ave,318,231,87,549
567,May St & 69th St,273,274,-1,547
CHI00618,Western Ave & 28th St,278,268,10,546
23192,Kildare Ave & North Ave,268,278,-10,546
CHI01926,Pine Ave & Division St,244,301,-57,545
CHI01472,Public Rack - Foster Ave & Drake Ave,273,272,1,545
CHI01905,Kedvale Ave & Peterson Ave,273,271,2,544
CHI00991,State St & 79th St,299,244,55,543
16937,Ashland Ave & McDowell Ave,253,288,-35,541
CHI02276,Public Rack - Wacker Dr & Madison St (West),273,266,7,539
CHI02418,Inner Lakeshore Dr & Waveland Ave,267,272,-5,539
24147,Sacramento Ave & Pratt Blvd,263,275,-12,538
KA1503000032,Union Ave & Root St,282,253,29,535
20224,Calumet Park,266,268,-2,534
CHI02275,Public Rack - Wacker Dr & Madison St (East),252,282,-30,534
CHI01814,Clark/Newport,253,280,-27,533
CHI01136,Pulaski Rd & Congress Pkwy,262,270,-8,532
CHI02288,Public Rack - Wells St & Ontario St,261,270,-9,531
21337,Hoyne Ave & 34th St,245,283,-38,528
23172,Kostner Ave & Belmont Ave,224,303,-79,527
CHI02391,Arrington Lagoon,262,265,-3,527
KA1503000010,Halsted St & 51st St,244,279,-35,523
CHI01883,Meade Ave & Fullerton Ave,242,280,-38,522
CHI01995,Austin Ave & Milwaukee Ave,255,267,-12,522
CHI00526,Rainbow Beach,248,273,-25,521
CHI01377,Public Rack - Emerald Ave & 43rd St,255,265,-10,520
CHI01799,Grace St & Central Ave,257,262,-5,519
CHI00745,Morgan St & Pershing Rd,275,243,32,518
21374,Kilpatrick Ave & Grand Ave,257,261,-4,518
24371,Lavergne Ave & Lawrence Ave,283,235,48,518
CHI00929,Virginia Ave & Catalpa Ave,265,252,13,517
Corral 15,LaSalle St & Washington St Corral N,320,197,123,517
Corral 17,Wacker Dr & Washington St Corral,353,163,190,516
24158,Bernard St & Peterson Ave,269,244,25,513
420,Washtenaw Ave & Polk St,290,222,68,512
KA1503000021,Stony Island Ave & 64th St,267,245,22,512
CHI00721,Phillips Ave & 79th St,257,253,4,510
318,Oak Park & Wellington,250,260,-10,510
CHI00853,Calumet Park,251,258,-7,509
CHI02150,Kostner Ave & Devon Ave,270,239,31,509
CHI01073,Public Rack - Harold Washington Park,250,259,-9,509
372,Hamlin Ave & Grand Ave,291,218,73,509
CHI00767,Chicago State University,259,249,10,508
16905,Central Ave & Lake St,237,270,-33,507
CHI01950,Pulaski Rd & Ann Lurie Pl,229,277,-48,506
CHI02016,Central & Elston,270,235,35,505
650,Eggleston Ave & 69th St,260,244,16,504
571,Vernon Ave & 75th St,222,281,-59,503
21387,St Louis Ave & 59th St,247,254,-7,501
CHI01871,Sayre Ave & Diversey Ave,236,262,-26,498
CHI02218,Long Ave & Irving Park Rd,250,248,2,498
CHI00249,Halsted St & 63rd St,281,216,65,497
24364,Narragansett Ave & Montrose Ave,243,254,-11,497
CHI01962,Steelworkers Park,246,249,-3,495
CHI02381,Theater on the Lake Public Rack - South,242,249,-7,491
CHI01885,Kedzie Ave & Archer Ave,240,250,-10,490
CHI02308,Public Rack - Kenmore Ave & Armitage Ave,237,253,-16,490
507,Public Rack - Hamlin Ave & Fullerton Ave,235,253,-18,488
21323,Merrimac Park,237,251,-14,488
930,Public Rack - Washtenaw Ave & Devon Ave,244,244,0,488
505,Public Rack - Milwaukee Ave & Haussen Ct,243,241,2,484
CHI01254,Cottage Grove Ave & 83rd St,238,241,-3,479
23162,Marmora Ave & Irving Park Rd,221,255,-34,476
20205,Western Ave & 111th St,245,231,14,476
24237,Wood St & 33rd St,235,241,-6,476
CHI02240,Public Rack - Oakley Blvd & Grand Ave,233,243,-10,476
CHI00564,MLK Jr Dr & 63rd St,249,226,23,475
573,State St & 79th St,253,222,31,475
CHI02387,Maple Ave & Grove St,232,243,-11,475
KA1503000025,Wentworth Ave & 63rd St,260,214,46,474
CHI01882,Lawndale Ave & 30th St,226,248,-22,474
CHI01122,Laramie Ave & Kinzie St,255,217,38,472
1121.0,Public Rack - Milwaukee Ave & Higgins Ave,236,236,0,472
CHI02281,Public Rack - St Clair St & Ontario St,204,267,-63,471
CHI01236,Public Rack - Karlov Ave & Milwaukee Ave,233,238,-5,471
CHI01791,Major Ave & Addison St,229,242,-13,471
355,Central Ave & Parker Ave,247,222,25,469
CHI02047,Shields Ave & 43rd St,226,243,-17,469
23215,Lexington St & California Ave,221,247,-26,468
CHI01920,Narragansett Ave & North Ave,216,252,-36,468
16940,Ashland Ave & 50th St,239,226,13,465
CHI01011,Public Rack - Justine St & 87th St,220,245,-25,465
Corral 7,Addison Red Line,222,241,-19,463
CHI00912,Pershing Rd & Sacramento Ave,209,253,-44,462
15691,Albany Ave & 26th St,229,232,-3,461
1032,Public Rack - Kedvale Ave & 63rd St W,228,232,-4,460
CHI01877,Rockwell St & 57th St,208,250,-42,458
CHI00736,Wabash Ave & 87th St,249,209,40,458
CHI01893,Kostner Ave & 63rd St,242,216,26,458
CHI00670,Pulaski Rd & Lake St,226,230,-4,456
CHI01869,Albany Ave & Douglas Blvd,222,234,-12,456
CHI00970,Public Rack - Keystone Ave & Irving Park Rd,227,229,-2,456
CHI02311,Public Rack - Burling Ave & Armitage Ave,219,236,-17,455
CHI01867,Tripp Ave & 65th St,202,252,-50,454
20103,Prospect Sq & 91st St,228,225,3,453
21345,Artesian Ave & 55th St,223,230,-7,453
CHI02243,Public Rack - Leavitt St & Potomac Ave,224,229,-5,453
CHI01854,Homan Ave & 26th St,227,225,2,452
CHI00722,Exchange Ave & 79th St,203,248,-45,451
316,Lamon Ave & Belmont Ave,251,199,52,450
833,Public Rack - Pulaski Rd & 44th St,211,238,-27,449
CHI02357,Washington/Green (Green Side) Corral,215,226,-11,441
CHI00654,Kedzie Ave & Roosevelt Rd,251,190,61,441
21378,Nordica Ave & Medill Ave,243,198,45,441
CHI02163,Kenmore Ave & School St,223,216,7,439
KA1503000055,Halsted St & 63rd St,205,233,-28,438
CHI02233,Washtenaw Ave & Peterson Ave,234,204,30,438
1142.0,Public Rack - Haft Ave & Milwaukee Ave,217,221,-4,438
CHI00916,Long & Irving Park,252,183,69,435
CHI01486,Public Rack - Kedvale Ave & 63rd St W,208,224,-16,432
CHI01792,Harlem Ave & Bloomingdale Ave,212,220,-8,432
CHI02004,State St & 45th St,232,199,33,431
CHI00897,California & 16th St,245,186,59,431
CHI02232,Francisco Ave & Hollywood Ave,214,216,-2,430
CHI01855,Komensky Ave & 47th St,219,209,10,428
CHI02247,Central Park Ave & Ohio St,215,213,2,428
358,Kilpatrick Ave & Parker Ave,220,207,13,427
CHI00740,Prospect Sq & 91st St,224,200,24,424
CHI00491,State St & Pershing Rd,208,215,-7,423
CHI02235,Public Rack - Ashland Orange Line CTA,205,214,-9,419
397,Narragansett Ave & School St,209,209,0,418
CHI01824,Richmond St & 59th St,200,217,-17,417
CHI01069,Marshfield Ave & 44th St,184,233,-49,417
1276.0,Public Rack - Hollywood Park,208,208,0,416
24212,California Ave & Madison St,220,196,24,416
21357,Lamon Ave & Armitage Ave,198,218,-20,416
595,Wabash Ave & 87th St,219,196,23,415
CHI02011,Monticello Ave & Chicago Ave,192,223,-31,415
21334,Lawndale Ave & 30th St,190,224,-34,414
Corral 12,Clark/Newport,234,179,55,413
CHI00896,Rockwell St & Cermak Rd,229,184,45,413
CHI01875,California Ave & 36th St,206,206,0,412
CHI01822,Harding Ave & 26th St,192,219,-27,411
510,Public Rack - Spaulding Ave & North Ave,207,204,3,411
CHI01830,Lawler Ave & North Ave,199,211,-12,410
CHI01829,Harding Ave & Division St,207,202,5,409
23164,Grace St & Central Ave,189,219,-30,408
Corral 21,LaSalle St & Jackson Blvd Corral,290,118,172,408
CHI00573,Yates Blvd & 75th St,211,191,20,402
CHI02017,Mason Ave & Grand Ave,184,217,-33,401
CHI00569,Kedzie Ave & Harrison St,201,199,2,400
23167,Laramie Ave & Addison St,201,199,2,400
23166,Major Ave & Addison St,195,204,-9,399
CHI01784,Francisco Ave & 47th St,208,188,20,396
21352,Sayre Ave & Diversey Ave,197,197,0,394
CHI01397,Public Rack - Western Ave & Devon Ave,195,199,-4,394
CHI01923,Artesian Ave & 55th St,193,201,-8,394
CHI02310,Public Rack - Clifton Ave & Armitage Ave,201,191,10,392
CHI01886,Long Ave & North Ave,202,188,14,390
24245,Western Ave & 43rd St,189,199,-10,388
CHI01980,Tripp Ave & 15th St,179,209,-30,388
CHI02417,Clark St & Catalpa Ave,184,203,-19,387
21407,Tripp Ave & 65th St,147,239,-92,386
933,Public Rack - Drake Ave & Leland Ave,192,193,-1,385
1140.0,Public Rack - Natoma Ave & Bryn Mawr Ave,187,197,-10,384
16921,Austin Blvd & Chicago Ave,190,192,-2,382
20223,Ewing Ave & Burnham Greenway,188,194,-6,382
20121,Loomis Blvd & 84th St,182,198,-16,380
CHI01759,Central Ave & Wellington Ave,196,183,13,379
CHI00794,Hale Ave & 107th St,183,195,-12,378
866,Public Rack - Kostner Ave & Armitage Ave,182,195,-13,377
CHI00485,Commercial Ave & 83rd St,181,195,-14,376
16916,Central Ave & Madison St,205,170,35,375
CHI01874,Rockwell St & 47th St,189,185,4,374
CHI00595,Central Ave & Madison St,190,183,7,373
CHI00816,Hubbard St Depot Public Rack,174,198,-24,372
CHI00892,Kilpatrick Ave & Parker Ave,204,167,37,371
21396,Central Ave & Roscoe St,215,155,60,370
766,Public Rack - Harold Washington Park,261,109,152,370
21385,St Louis Ave & Norman Bobbins Pl,168,202,-34,370
CHI01006,Lamon Ave & Belmont Ave,232,138,94,370
KA1503000024,Yates Blvd & 75th St,187,179,8,366
15687,Central Park Ave & 24th St,165,201,-36,366
21339,Pershing Rd & Sacramento Ave,151,213,-62,364
15449,State St & Pershing Rd,169,192,-23,361
CHI01887,Kildare Ave & Chicago Ave,188,173,15,361
CHI01707,Public Rack - Leamington & Elston,179,182,-3,361
CHI00598,Central Ave & Chicago Ave,211,150,61,361
CHI01241,MLK Jr Dr & 83rd St,166,194,-28,360
20105,Halsted St & 96th St,183,177,6,360
CHI00600,Austin Blvd & Chicago Ave,184,175,9,359
24203,Harding Ave & Division St,161,198,-37,359
CHI02354,Lake/Sangamon Corral,187,172,15,359
CHI01987,Wabash Ave & 49th St,175,183,-8,358
21304,Lavergne Ave & Division St,180,178,2,358
CHI00934,Washtenaw Ave & Peterson Ave,194,164,30,358
CHI00805,Narragansett Ave & McLean Ave,171,186,-15,357
506,Public Rack - Lawndale Ave & Diversey Ave,171,186,-15,357
1182.0,Public Rack - Cumberland & Catherine,174,182,-8,356
CHI00852,Oglesby Ave & 100th St,174,180,-6,354
20123,Western Ave & 104th St,179,175,4,354
23139,Kedzie Ave & Redfield Dr,168,186,-18,354
CHI01798,California Ave & 71st St,186,167,19,353
21377,Harlem Ave & Bloomingdale Ave,174,179,-5,353
CHI02352,Lake/Carpenter Corral,173,180,-7,353
CHI01853,Harding Ave & Chicago Ave,179,172,7,351
344,Springfield Ave & 47th St,204,147,57,351
24207,Harding Ave & Chicago Ave,174,176,-2,350
416,Washtenaw Ave & Madison St,199,151,48,350
CHI01937,Vincennes Ave & 79th St,168,181,-13,349
CHI02419,Greenview St & Division St,171,178,-7,349
CHI01897,Lamon Ave & Armitage Ave,189,160,29,349
21381,Francisco Ave & 47th St,175,173,2,348
23142,Artesian Ave & Marquette Rd,161,187,-26,348
369,Central Park Ave & Ohio St,216,131,85,347
20213,Commercial Ave & 130th St,151,196,-45,347
24244,California Ave & 41st St,157,189,-32,346
CHI00665,Cicero Ave & Lake St,222,124,98,346
CHI01808,Central Park Ave & Washington Blvd,181,163,18,344
932,Public Rack - Jensen Park,172,171,1,343
CHI02001,Wabash Ave & 59th St,173,169,4,342
20108,Hale Ave & 107th St,171,170,1,341
21390,California Ave & Marquette Rd,185,155,30,340
CHI00914,Francisco Ave & Bloomingdale Ave,169,171,-2,340
CHI01870,Spaulding Ave & 16th St,169,170,-1,339
16903,Cicero Ave & Lake St,194,145,49,339
CHI01769,Waveland/Racine,165,172,-7,337
CHI02226,Kilpatrick Ave & Parker Ave,166,170,-4,336
KA1504000086,Kedzie Ave & 24th St,148,187,-39,335
Corral 18,Wells St & Randolph St Corral,246,88,158,334
23173,Central Ave & Wellington Ave,159,175,-16,334
23210,Central Park Ave & Washington Blvd,174,158,16,332
16933,Morgan St & Pershing Rd,182,150,32,332
579,Phillips Ave & 79th St,160,171,-11,331
540,Laramie Ave & Madison St,168,163,5,331
CHI02008,Le Mai Ave & Devon Ave,169,161,8,330
642,Public Rack - Justine St & 87th St,145,185,-40,330
CHI00218,Halsted St & 69th St,153,177,-24,330
21406,Kostner Ave & 63rd St,164,165,-1,329
CHI01922,Overhill Ave & Belmont Ave,168,160,8,328
20102,Loomis St & 89th St,168,160,8,328
CHI02315,Public Rack - Sheffield Ave & Dickens Ave,159,168,-9,327
CHI01912,Vincennes Ave & 95th St,168,159,9,327
534,Karlov Ave & Madison St,170,156,14,326
CHI01545,Damen Ave & 81st St,160,166,-6,326
CHI01773,California Ave & Marquette Rd,179,146,33,325
21400,Lawler Ave & 50th St,139,185,-46,324
CHI00881,Dauphin Ave & 87th St,175,149,26,324
CHI01272,Public Rack - Pulaski Rd & 44th St,160,164,-4,324
CHI01911,Central Ave & Roscoe St,171,153,18,324
21331,21st St & Pulaski Rd,157,166,-9,323
CHI02239,Public Rack - Hoyne Ave & Grand Ave,160,163,-3,323
24194,Laramie Ave & Bloomingdale Ave,154,169,-15,323
24156,Granville Ave & Pulaski Rd,172,151,21,323
21309,Narragansett Ave & McLean Ave,171,151,20,322
CHI01860,Lawler Ave & 50th St,145,176,-31,321
CHI01948,Ewing Ave & 106th St,162,156,6,318
Corral 14,Franklin St & Adams St Corral,196,122,74,318
CHI02386,South Boulevard CTA,158,159,-1,317
15597,Halsted St & 69th St,145,172,-27,317
CHI01851,St. Louis Ave & 59th St,159,157,2,316
21301,Monticello Ave & Chicago Ave,148,168,-20,316
CHI00832,Houston Ave & 92nd St,171,145,26,316
CHI01591,Public Rack - Springfield Ave & Lawrence Ave,155,160,-5,315
CHI01849,Kedzie Ave & 52nd St,201,114,87,315
CHI02313,Public Rack - Sheffield Ave & Belden Ave,153,160,-7,313
21388,Richmond St & 59th St,137,176,-39,313
20222,Burnham Greenway & 105th St,161,151,10,312
CHI00863,Burnham Greenway & 105th St,147,165,-18,312
23140,California Ave & 71st St,162,149,13,311
CHI01845,St Louis Ave & Norman Bobbins Pl,162,149,13,311
1211.0,Public Rack - Keating & Peterson,156,155,1,311
20203,Lawndale Ave & 111th St,169,142,27,311
CHI02388,Evanston Civic Center,154,156,-2,310
16907,Central Park Blvd & 5th Ave,132,177,-45,309
929,Public Rack - Campbell Ave & Pratt Blvd,153,154,-1,307
CHI01695,Public Rack - Kimball & Ardmore,150,156,-6,306
23175,Mango Ave & Diversey Ave,151,154,-3,305
CHI00891,Central Ave & Parker Ave,180,125,55,305
651,Michigan Ave & 71st St,148,157,-9,305
CHI02159,Kedzie Ave & Jackson Blvd,174,130,44,304
23137,Springfield Ave & 71st St,146,157,-11,303
KA1504000082,Kedzie Ave & Harrison St,130,173,-43,303
CHI00796,Oak Park & Wellington,156,146,10,302
CHI00547,Jeffery Blvd & 76th St,140,161,-21,301
CHI00828,Commercial Ave & 130th St,142,159,-17,301
CHI01226,Vernon Ave & 79th St,154,147,7,301
021320,MTV Hubbard St,188,113,75,301
586,MLK Jr Dr & 83rd St,139,161,-22,300
CHI01594,Public Rack - Kimball Ave & Lawrence Ave,150,150,0,300
CHI00810,Orange Ave & Addison St,156,144,12,300
CHI01833,Addison/Racine,148,152,-4,300
CHI02396,Burnham Shores,148,152,-4,300
CHI02003,Menard Ave & Milwaukee Ave,159,140,19,299
CHI02304,Public Rack - Loomis St & Eleanor St,148,151,-3,299
CHI00809,Ashland Ave & 74th St,144,155,-11,299
20233,Halsted St & 78th St,147,150,-3,297
CHI01981,Western Ave & 101st St,166,131,35,297
CHI00860,Baltimore Ave & 87th St,157,139,18,296
CHI00829,Halsted St & 104th St,132,164,-32,296
CHI01568,Public Rack - Cicero Ave & Belle Plaine Ave,141,152,-11,293
CHI01276,Laramie Ave & Madison St,153,140,13,293
CHI01794,La Villita Park,145,148,-3,293
528,Pulaski Rd & Lake St,154,138,16,292
CHI02186,Albany Ave & 16th St,150,142,8,292
CHI02380,Theater on the Lake Public Rack - North,139,153,-14,292
CHI02356,Washington/Green (Washington Side) Corral,134,158,-24,292
20242,Houston Ave & 92nd St,142,149,-7,291
24255,Komensky Ave & 47th St,151,140,11,291
21332,Harding Ave & 26th St,136,154,-18,290
CHI00885,Hamlin Ave & Grand Ave,205,84,121,289
24281,Pulaski Rd & 54th St,148,141,7,289
CHI00847,Lavergne Ave & Division St,136,150,-14,286
CHI01839,Kedzie Ave & 38th Pl,131,155,-24,286
CHI01502,Public Rack - Western Ave & 47th Pl,140,145,-5,285
15599,Calumet Ave & 71st St,139,146,-7,285
CHI00874,Meade Ave & Addison St,132,153,-21,285
CHI01895,Pulaski Rd & 54th St,163,122,41,285
1523185.1,Mason Ave & Grand Ave,109,175,-66,284
24332,Lavergne Ave & Diversey Ave,140,143,-3,283
530,Laramie Ave & Kinzie St,148,135,13,283
313,Long Ave & Belden Ave,164,119,45,283
CHI01907,Mulligan Ave & Archer Ave,128,155,-27,283
CHI00723,Phillips Ave & 83rd St,140,142,-2,282
CHI00734,Halsted St & 59th St,147,134,13,281
CHI00969,Public Rack - Avers Ave & Irving Park Rd,138,143,-5,281
20127,Halsted St & 111th St,140,140,0,280
CHI01395,Public Rack - Campbell Ave & Pratt Blvd,134,146,-12,280
CHI01852,Lamon Ave & Chicago Ave,149,130,19,279
20116,Dauphin Ave & 87th St,142,137,5,279
CHI00880,Constance Ave & 95th St,143,135,8,278
CHI01918,Campbell Ave & 51st St,142,136,6,278
KA1504000168,Western Ave & 28th St,124,154,-30,278
CHI01978,Kildare Ave & Archer Ave,161,117,44,278
CHI01166,Racine Ave & Garfield Blvd,140,137,3,277
CHI01048,Seeley Ave & Garfield Blvd,124,153,-29,277
24145,Pulaski Rd & 68th St,103,173,-70,276
23120,Damen Ave & 81st St,130,146,-16,276
621,Public Rack - Lafayette Ave & 95th St,179,97,82,276
CHI01766,Kostner Ave & Devon Ave,137,138,-1,275
CHI02307,Public Rack - Clifton Ave & Webster Ave,132,143,-11,275
CHI01896,Lawndale Ave & 59th St,130,144,-14,274
21365,Kildare Ave & 26th St,127,146,-19,273
CHI00693,Elizabeth St & 47th St,135,137,-2,272
340,Pulaski & Ann Lurie Pl,138,133,5,271
24198,Lawler Ave & North Ave,128,142,-14,270
749,Public Rack - Evans Ave & 63rd St,136,134,2,270
CHI00753,Dauphin Ave & 103rd St,141,128,13,269
323,Narragansett & Irving Park,140,128,12,268
CHI01165,Damen Ave & 51st St,132,135,-3,267
CHI01821,Central Park Ave & Douglas Blvd,121,146,-25,267
24243,Kedzie Ave & Archer Ave,121,146,-25,267
CHI00884,Central Park Ave & Ohio St,161,105,56,266
CHI01200,Public Rack - Prairie Ave & 47th St,125,141,-16,266
20218,Avenue O & 118th St,132,133,-1,265
CHI00861,Vincennes Ave & 104th St,127,138,-11,265
CHI01712,Public Rack - Keating & Peterson,129,136,-7,265
23121,Damen Ave & 87th St,138,125,13,263
CHI00846,Halsted St & 73rd St,136,126,10,262
16950,Ashland Ave & 66th St,136,125,11,261
24266,Kedzie Ave & 54th Pl,133,128,5,261
CHI01838,Archer Ave & Homan Ave,128,133,-5,261
CHI01908,Avers Ave & 16th St,136,124,12,260
CHI00933,Western Ave & Gunnison St,134,126,8,260
559,Racine Ave & Garfield Blvd,121,138,-17,259
CHI01979,Nagle Ave & Belmont Ave,133,126,7,259
15682,Kedzie Ave & Roosevelt Rd,117,141,-24,258
24394,Steelworkers Park,129,129,0,258
24363,Portage Park,125,132,-7,257
CHI00803,Leamington Ave & Hirsch St,122,135,-13,257
CHI00677,Kostner Ave & Lake St,145,112,33,257
CHI01953,Stewart Ave & 123rd St,124,132,-8,256
497,Public Rack - Lowell Ave & Elston Ave,126,130,-4,256
CHI01541,Franklin St & Monroe St Corral,130,126,4,256
CHI01761,Damen Ave & 87th St,141,113,28,254
CHI02053,Granville Ave & Pulaski Rd,135,119,16,254
20226,Oglesby Ave & 100th St,134,120,14,254
CHI01667,Public Rack - Nashotah & Northwest Hwy,114,139,-25,253
24326,Long Ave & Diversey Ave,117,136,-19,253
21386,Rockwell St & 57th St,126,127,-1,253
24324,Nagle Ave & Belmont Ave,102,150,-48,252
1280.0,Public Rack - Wilbur Wright College South,125,127,-2,252
CHI02261,Hamlin Ave & Grand Ave,138,114,24,252
CHI01823,21st St & Pulaski Rd,144,107,37,251
CHI01035,Public Rack - Kimbark Ave & 67th St,126,124,2,250
693,Public Rack - Walden Pkwy & 103rd St,120,130,-10,250
CHI01017,Public Rack - Karlov Ave & Kamerling Ave,118,132,-14,250
CHI01971,Vincennes Ave & 107th St,141,108,33,249
CHI00747,Indiana Ave & 103rd St,123,125,-2,248
CHI01581,Public Rack - Milwaukee Ave & Higgins Ave,123,124,-1,247
Corral 23,Daley Center Plaza Corral,211,36,175,247
CHI01904,Mayfield Ave & Roosevelt Rd,107,140,-33,247
777,Public Rack - Midway Orange Line,122,125,-3,247
CHI01795,Kedzie Ave & Redfield Dr,123,124,-1,247
20131,Cottage Grove Ave & 111th Pl,124,122,2,246
CHI00711,Evans Ave & 75th St,117,128,-11,245
CHI01783,Meade Ave & Belmont Ave,141,104,37,245
CHI01544,Kedzie Ave & 83rd St,116,129,-13,245
Corral 22,Dearborn St & Adams St Corral,188,57,131,245
569,Woodlawn Ave & 75th St,131,113,18,244
CHI01969,Archer Ave & 49th St,127,117,10,244
21366,Spaulding Ave & 16th St,114,129,-15,243
24146,Knox Ave & Marquette Ave,107,136,-29,243
CHI00859,Western Ave & 104th St,123,119,4,242
23119,Francisco Ave & 85th St,120,122,-2,242
CHI01835,Homan Ave & Arthington Ave,152,90,62,242
CHI00835,Clyde Ave & 87th St,107,135,-28,242
CHI00802,Lawndale Ave & 111th St,122,120,2,242
CHI01960,Michigan Ave & 105th St,124,118,6,242
CHI00830,Stewart Ave & 83rd St,144,97,47,241
CHI02046,SCOOTERS CLASSIC - 2132 W Hubbard ST,31,209,-178,240
24213,Kedzie Ave & Jackson Blvd,113,126,-13,239
21418,Mozart St & Jackson Blvd,89,149,-60,238
1161.0,Public Rack - Kinzua Ave & Devon Ave,124,114,10,238
CHI01672,Public Rack - Mango & Higgins,116,121,-5,237
CHI01805,Columbus Ave & 79th St,115,122,-7,237
CHI02238,Public Rack - Western Ave & Chicago Ave,115,122,-7,237
1019,Public Rack - Kostner Ave & Diversey Ave,116,121,-5,237
21353,Meade Ave & Diversey Ave,111,126,-15,237
CHI01990,Ave L & 114th,114,122,-8,236
CHI01859,Kildare Ave & 26th St,108,128,-20,236
24196,Mango Ave & North Ave,93,143,-50,236
CHI00505,Burling St & Diversey Pkwy,116,119,-3,235
CHI01840,Meade Ave & Diversey Ave,117,118,-1,235
CHI02225,Central Ave & Parker Ave,116,119,-3,235
574,Vernon Ave & 79th St,108,127,-19,235
CHI00681,Ashland Ave & Garfield Blvd,120,115,5,235
CHI00872,Western Ave & 111th St,116,118,-2,234
424,Sacramento Ave & 25th St,137,97,40,234
CHI01847,Knox Ave & Marquette Ave,104,130,-26,234
24273,Kedzie Ave & 60th St,100,133,-33,233
24205,Lamon Ave & Chicago Ave,115,118,-3,233
21303,Kildare Ave & Division St,116,117,-1,233
1110.0,Public Rack - Milwaukee Ave & Culyer Ave,112,121,-9,233
CHI01872,Mango Ave & North Ave,121,112,9,233
CHI01734,Public Rack - Hollywood Park,116,117,-1,233
382,Kedzie Ave & 48th Pl,123,109,14,232
561,Damen Ave & 59th St,108,123,-15,231
24234,Harding Ave & 31st St,115,116,-1,231
CHI00725,Ellis Ave & 83rd St,119,111,8,230
CHI01899,Wellington Ave & Mulligan Ave,107,123,-16,230
CHI01941,State St & 111th St,112,116,-4,228
CHI02375,North Ave Public Rack - 5,113,115,-2,228
24174,Cicero Ave & Wellington Ave,120,108,12,228
CHI02049,Cottage Grove Ave & 71st St,128,98,30,226
Corral 5,Weekend Night Parking Area D,112,114,-2,226
21329,Central Park Ave & Douglas Blvd,110,115,-5,225
23128,Columbus Ave & 79th St,112,113,-1,225
21351,Wellington Ave & Mulligan Ave,113,112,1,225
1120.0,Public Rack - Milwaukee Ave & Catalpa Ave,112,113,-1,225
570,Evans Ave & 75th St,128,96,32,224
CHI02412,Damen Ave & Rodgers St,116,106,10,222
CHI01227,Public Rack - Western Blvd & 49th St,111,111,0,222
1226.0,Public Rack - Avers & Lawrence,110,112,-2,222
CHI01546,Francisco Ave & 85th St,110,111,-1,221
21421,Albany Ave & Douglas Blvd,110,110,0,220
20101,Summit Ave & 86th St,127,93,34,220
CHI02197,Front Ave & 115th St,115,105,10,220
CHI00865,Harlem Ave & Grace St,116,103,13,219
CHI01894,Kildare Ave & 47th St,126,92,34,218
CHI01961,Commercial Ave & 90th St,120,98,22,218
CHI00772,Vernon Ave & 107th St,109,109,0,218
950,Public Rack - Woodlawn Ave & 63rd St S,108,109,-1,217
CHI00696,Throop St & 52nd St,105,112,-7,217
422,Albany Ave & 16th St,127,89,38,216
CHI01098,Public Rack - Lawndale Ave & Diversey Ave,106,110,-4,216
770,Public Rack - Throop St & 58th St,110,105,5,215
24338,Wallace St & Pershing Rd,102,113,-11,215
584,Ellis Ave & 83rd St,112,103,9,215
1141.0,Public Rack - Holbrook St & Milwaukee Ave,110,105,5,215
CHI02254,Sacramento Ave & 25th St,118,95,23,213
20215,Hegewisch Metra Station,120,92,28,212
21371,Kildare Ave & Chicago Ave,100,112,-12,212
CHI02035,Grace/Sheffield,104,108,-4,212
KA1503000011,Halsted St & 56th St,96,115,-19,211
20228,Constance Ave & 95th St,94,116,-22,210
CHI01927,Spaulding Ave & 63rd,89,121,-32,210
CHI01949,Ewing Ave & 98th St,101,108,-7,209
21320,Orange Ave & Addison St,113,95,18,208
23113,Scottsdale Park,92,116,-24,208
CHI01864,Cicero Ave & Wellington Ave,97,111,-14,208
CHI00682,Ashland Ave & 63rd St,114,94,20,208
CHI00842,Cottage Grove Ave & 111th Pl,122,86,36,208
494,Public Rack - Avers Ave & Irving Park Rd,103,105,-2,208
KA1503000028,Jeffery Blvd & 76th St,114,93,21,207
536,Kostner Ave & Lake St,105,101,4,206
23117,Kedzie Ave & 83rd St,108,98,10,206
24246,Archer Ave & Homan Ave,82,123,-41,205
CHI01846,Parkside Ave & Armitage Ave,107,98,9,205
Corral 10,Addison/Racine,102,103,-1,205
CHI00907,Albany Ave & 16th St,113,91,22,204
CHI01873,Monitor Ave & Division St,99,105,-6,204
CHI00703,Damen Ave & 59th St,105,99,6,204
CHI01785,Kedzie Ave & 66th Pl,95,107,-12,202
20109,Vernon Ave & 107th St,104,97,7,201
CHI00771,Eggleston Ave & 69th St,113,87,26,200
24267,Mozart St & 55th St,97,103,-6,200
1155.0,Public Rack - Olmstead Ave & Oliphant Ave,98,102,-4,200
576,Greenwood Ave & 79th St,105,95,10,200
CHI01803,Western Ave & 79th St,122,77,45,199
20114,Doty Ave & 111th St,109,90,19,199
CHI01924,Wentworth Ave & 92nd St,102,96,6,198
CHI01679,Public Rack - Kenneth & Carmen,91,106,-15,197
21401,Kildare Ave & 47th St,92,105,-13,197
CHI01891,Panama Ave & Grace St,102,94,8,196
572,State St & 76th St,95,100,-5,195
CHI01921,Oconto Ave & Belmont Ave,98,97,1,195
347,Komensky Ave & 55th St,130,64,66,194
24258,Kilbourn Ave & 49th St,64,130,-66,194
CHI01573,Public Rack - Irving Park Rd & Leclaire Ave,94,99,-5,193
CHI01327,Public Rack - Avondale Ave & Addison St,95,98,-3,193
1224.0,Public Rack - Kilpatrick & Elston,94,99,-5,193
CHI00724,Stony Island Ave & 82nd St,99,94,5,193
649,Public Rack - Cottage Grove Ave & 92nd St,97,96,1,193
21336,La Villita Park,93,99,-6,192
21403,Kildare Ave & 55th St,90,102,-12,192
562,Public Rack - Menard Ave & Belmont Ave,91,101,-10,192
CHI01735,Public Rack - Peterson Park,93,99,-6,192
CHI01019,Public Rack - Milwaukee Ave & School St,96,96,0,192
CHI00857,Halsted St & 78th St,92,100,-8,192
16951,Damen Ave & 74th St,88,103,-15,191
CHI01973,Martin Luther King Dr & 87th St,112,79,33,191
543,Laramie Ave & Gladys Ave,93,98,-5,191
20112,Indiana Ave & 103rd St,93,98,-5,191
21384,Kedzie Ave & 52nd St,101,89,12,190
CHI01585,Public Rack - Milwaukee Ave & Kennedy Expy,92,98,-6,190
821,Public Rack - Western Blvd & 49th St,89,101,-12,190
CHI01691,Public Rack - Central Park & Peterson,85,105,-20,190
CHI01797,St. Louis Ave & 71st St,93,96,-3,189
CHI01740,Public Rack - Forest Glen Station,91,98,-7,189
535,Pulaski Rd & Congress Pkwy,89,100,-11,189
23141,Artesian Ave & 71st St,92,97,-5,189
473,Mason Ave & Belmont Ave,117,71,46,188
314,Narragansett & Wrightwood,101,87,14,188
CHI01861,Kildare Ave & 55th St,100,88,12,188
CHI00870,East End Ave & 87th St,100,87,13,187
480,Public Rack - Rockwell Ave & Touhy Ave,92,95,-3,187
CHI01819,Oketo Ave & Addison St,93,93,0,186
CHI01939,Wentworth Ave & 107th St,108,78,30,186
24365,Mason Ave & Montrose Ave,82,103,-21,185
CHI01300,Latrobe Ave & Chicago Ave,95,90,5,185
CHI00875,Loomis Blvd & 84th St,84,101,-17,185
CHI02394,Dodge Ave & Mulford St,90,95,-5,185
560,Marshfield Ave & 59th St,92,93,-1,185
20230,Clyde Ave & 87th St,100,85,15,185
24297,Mulligan Ave & Archer Ave,74,110,-36,184
CHI02393,Harbert Park,89,95,-6,184
CHI02231,Oak Park Ave & Wellington Ave,84,100,-16,184
813,Public Rack - Calumet Ave & 51st St,90,93,-3,183
24402,Ewing Ave & 106th St,89,94,-5,183
CHI00904,Troy St & Jackson Blvd,118,65,53,183
CHI00799,Michigan Ave & 71st St,90,93,-3,183
814,Public Rack - Prairie Ave & 47th St,94,89,5,183
CHI00898,Homan Ave & Fillmore St,123,59,64,182
CHI00760,Halsted St & 56th St,96,85,11,181
389,Maplewood Ave & 59th St,110,71,39,181
20120,Stewart Ave & 83rd St,99,82,17,181
CHI01149,Keeler Ave & Roosevelt Rd,125,56,69,181
1113.0,Public Rack - Irving Park Rd & Leclaire Ave,91,90,1,181
1212.0,Public Rack - Forest Glen & Peterson,90,91,-1,181
CHI00948,Public Rack - Western Ave & Jarvis Ave,89,91,-2,180
553,Elizabeth St & 47th St,82,98,-16,180
CHI00968,Public Rack - St Louis Ave & Berteau Ave,89,91,-2,180
CHI01671,Public Rack - Central & Leland,86,94,-8,180
CHI01998,Pulaski Rd & 75th St,98,82,16,180
KA1503000003,Cottage Grove Ave & 71st St,101,78,23,179
531,Public Rack - Penn Elementary School / KIPP Ascend Middle School,80,98,-18,178
20110,Eberhart Ave & 91st St,89,89,0,178
Corral 4,Weekend Night Parking Area C,94,83,11,177
CHI02293,Public Rack - Orleans St & Chicago Ave,89,88,1,177
24368,Melvina Ave & Giddings Ave,82,95,-13,177
16915,Central Ave & Harrison St,98,79,19,177
CHI02036,Clark/Racine,85,92,-7,177
CHI01031,Greenwood Ave & 79th St,87,90,-3,177
23143,Kedzie Ave & 66th Pl,90,86,4,176
CHI02013,Komensky Ave & 31st St,108,68,40,176
1125.0,Public Rack - Milwaukee Ave & Kennedy Expy,87,88,-1,175
1134.0,Public Rack - Kimball Ave & Lawrence Ave,91,84,7,175
23131,Western Ave & 79th St,99,76,23,175
21307,Leamington Ave & Hirsch St,82,92,-10,174
CHI01992,Burley Ave & 85th St,90,84,6,174
20239,Marquette Ave & 89th St,77,97,-20,174
495,Public Rack - Keystone Ave & Irving Park Rd,87,87,0,174
24467,Cumberland Ave & Catherine Ave,89,84,5,173
CHI00594,Central Ave & Harrison St,98,75,23,173
CHI00871,Marquette Ave & 89th St,79,93,-14,172
474,Fullerton & Monitor,103,69,34,172
CHI01890,Sacramento Ave & 51st St,81,89,-8,170
20214,Avenue O & 134th St,76,94,-18,170
24499,Edgebrook Metra,90,80,10,170
24230,Homan Ave & 26th St,86,84,2,170
20204,Kedzie Ave & 110th St,78,91,-13,169
CHI00706,Racine Ave & 65th St,76,92,-16,168
CHI02373,North Ave Public Rack - 3,83,85,-2,168
21383,Campbell Ave & 51st St,87,80,7,167
CHI00730,South Chicago Ave & 83rd St,92,75,17,167
CHI02343,Public Rack - Centennial Park North,83,84,-1,167
CHI02237,Public Rack - Maplewood Ave & Chicago Ave,95,71,24,166
CHI00876,Hegewisch Metra Station,80,86,-6,166
CHI00710,Woodlawn Ave & 75th St,83,83,0,166
1225.0,Public Rack - Kenneth & Carmen,82,84,-2,166
24393,Burley Ave & 85th St,87,79,8,166
1119.0,Public Rack - Central Ave & Lawrence Ave,82,83,-1,165
CHI02300,Public Rack - Trebes Park,83,82,1,165
CHI00293,Calumet Ave & 71st St,91,74,17,165
21338,California Ave & 36th St,80,84,-4,164
23138,St. Louis & 71st St,89,75,14,164
CHI00678,Kenton Ave & Madison St,88,76,12,164
CHI01036,Public Rack - Lowell Ave & Elston Ave,80,84,-4,164
CHI01738,Public Rack - Nagel & Higgins,81,82,-1,163
CHI01467,Public Rack - Langley Ave & 49th St,74,88,-14,162
CHI01929,Halsted St & 93rd St,88,74,14,162
23136,Kedzie Ave & 73rd St,75,87,-12,162
CHI02229,Long Ave & Belden Ave,79,83,-4,162
CHI00543,Cicero Ave & Flournoy St,73,89,-16,162
1131.0,Public Rack - Springfield Ave & Lawrence Ave,80,80,0,160
21340,Pulaski Rd & Ann Lurie Pl,81,79,2,160
CHI00984,Public Rack - Sawyer Ave & Bryn Mawr Ave - SE,78,82,-4,160
23170,Marmora Ave & Belmont Ave,96,64,32,160
CHI01947,Baltimore Ave & 133rd St,83,77,6,160
752,Public Rack - Kimbark Ave & 63rd St,88,72,16,160
21367,Mayfield Ave & Roosevelt Rd,81,78,3,159
1204.0,Public Rack - Leamington & Elston,80,79,1,159
343,Pulaski Rd & 51st St,92,67,25,159
557,Seeley Ave & Garfield Blvd,77,82,-5,159
CHI00591,Cicero Ave & Quincy St,83,76,7,159
CHI01012,Public Rack - Sawyer Ave & Lawrence Ave,77,81,-4,158
CHI01762,Mango Ave & Diversey Ave,83,74,9,157
21324,Meade Ave & Addison St,69,88,-19,157
577,Stony Island Ave & South Chicago Ave,76,81,-5,157
CHI01030,State St & 76th St,80,77,3,157
CHI02195,Komensky Ave & 31st St,79,77,2,156
16913,Cicero Ave & Quincy St,77,79,-2,156
20235,Greenwood Ave & 91st St,75,81,-6,156
CHI01770,Artesian Ave & 71st St,80,76,4,156
CHI01032,Karlov Ave & Madison St,81,75,6,156
CHI01975,Kilbourn Ave & 49th St,63,92,-29,155
24374,State St & 45th St,69,86,-17,155
CHI01096,Public Rack - Keystone Ave & North Ave,76,78,-2,154
CHI01579,Public Rack - Central Ave & Lawrence Ave,76,78,-2,154
CHI01582,Public Rack - Winona St & Elston Ave,76,77,-1,153
CHI01283,Public Rack - Greenwood Ave & Lake Park Ave,71,82,-11,153
CHI01862,Tripp Ave & 31st St,72,81,-9,153
CHI01217,Stewart Ave & 63rd St,86,66,20,152
CHI01956,Laflin St & 115th St,77,75,2,152
CHI01753,Pulaski Rd & 84th St,84,68,16,152
CHI01807,Damen Ave & 77th St,67,85,-18,152
CHI01416,Public Rack - Woodlawn Ave & 63rd St S,74,78,-4,152
21375,Long Ave & North Ave,81,70,11,151
460,Francisco Ave & Hollywood Ave,71,80,-9,151
CHI01482,Public Rack - Whipple St & 63rd St,72,79,-7,151
322,Cicero Ave & Grace St,86,65,21,151
310,North Ave & New England Ave,82,69,13,151
CHI00941,Mason Ave & Belmont Ave,111,40,71,151
CHI01957,Eggleston Ave & 111th St,78,72,6,150
1199.0,Public Rack - Nagel & Higgins,73,77,-4,150
CHI00903,Western Ave & Lake St,81,69,12,150
16943,Ashland Ave & Garfield Blvd,77,73,4,150
CHI01931,Commercial Ave & 97th St,66,84,-18,150
CHI01916,Hamilton Park,72,78,-6,150
20244,Halsted St & 73rd St,75,75,0,150
CHI01293,Public Rack - Evans Ave & 63rd St,72,77,-5,149
1203.0,Public Rack - Lavergne & Lawrence,75,74,1,149
CHI00919,Public Rack - Sacramento Ave & Devon Ave,73,76,-3,149
503,Public Rack - Jonathan Y Scammon Public School,66,82,-16,148
CHI02010,Major Taylor Trail & 111th St,76,72,4,148
20227,Bradley Park,74,74,0,148
CHI00908,Sacramento Ave & 25th St,91,57,34,148
CHI01018,Public Rack - Milwaukee Ave & Addison St,72,76,-4,148
CHI00779,Doty Ave & 111th St,77,70,7,147
CHI00886,Augusta Blvd & Laramie Ave,91,56,35,147
593,Halsted St & 59th St,69,78,-9,147
25481,Hyacinth Ave & Milwaukee Ave,81,66,15,147
CHI00850,Stony Island Ave & 90th St,72,75,-3,147
CHI01754,Scottsdale Park,79,68,11,147
CHI02005,Halsted St & 119th St,84,63,21,147
Corral 19,Franklin St & Monroe St Corral,100,47,53,147
16912,Cicero Ave & Flournoy St,76,71,5,147
350,Hamlin Ave & 62nd Pl,95,52,43,147
Corral 20,LaSalle St & Adams St Corral,100,46,54,146
20245,Ashland Ave & 74th St,70,76,-6,146
402,Kenneth Ave & 50th St,81,65,16,146
Corral 9,Clark/Racine,71,74,-3,145
326,Harlem & Irving Park,81,64,17,145
20231,East End Ave & 87th St,72,73,-1,145
CHI00909,Maplewood Ave & 59th St,86,59,27,145
CHI01831,Kedzie Ave & Jackson Blvd,54,90,-36,144
CHI01610,Public Rack - Bryn Mawr Ave & Spaulding Ave,69,75,-6,144
CHI00854,Yates Ave & 95th St,80,64,16,144
CHI02344,Public Rack - Lighthouse Beach,72,72,0,144
753,Public Rack - Jeffery Blvd & 67th St,73,70,3,143
CHI01669,Public Rack - Avers & Lawrence,71,72,-1,143
CHI00879,Greenwood Ave & 97th St,58,85,-27,143
CHI01965,Racine Ave & 115th St,73,69,4,142
CHI00856,Yates Blvd & 93rd St,84,58,26,142
487,Public Rack - California Ave & Devon Ave - NE,69,73,-4,142
CHI01974,Newcastle Ave & Irving Park Rd,98,44,54,142
CHI01793,Artesian Ave & Marquette Rd,71,71,0,142
CHI01968,Princeton Ave & 95th St,96,46,50,142
24340,Wabash Ave & 49th St,72,70,2,142
21325,Harlem Ave & Grace St,84,57,27,141
23115,Pulaski Rd & 84th St,69,72,-3,141
CHI00683,Ashland Ave & 66th St,68,73,-5,141
21327,Pittsburgh Ave & Irving Park Rd,73,68,5,141
CHI01813,Pulaski Rd & 68th St,64,77,-13,141
861,Public Rack - Sawyer Ave & Lawrence Ave,69,72,-3,141
24420,Michigan Ave & 105th St,75,65,10,140
1175.0,Public Rack - Hiawatha & Mendota,69,71,-2,140
CHI00729,Wabash Ave & 83rd St,78,62,16,140
554,Damen Ave & 51st St,62,77,-15,139
CHI01571,Public Rack - Lavergne Ave & Belle Plaine Ave,69,70,-1,139
CHI01465,Public Rack - Champlain Ave & 65th St,60,79,-19,139
CHI01147,Public Rack - Kostner Ave & Armitage Ave,68,70,-2,138
CHI00841,Torrence Ave & 126th Pl,88,50,38,138
20207,Major Taylor Trail & 115th St,72,66,6,138
810,Public Rack - Nagle Ave & Belmont Ave,64,74,-10,138
CHI01991,Ewing Ave & 97th St,74,63,11,137
CHI01976,Aberdeen St & 103rd St,66,71,-5,137
1108.0,Public Rack - Cicero Ave & Belle Plaine Ave,65,71,-6,136
Corral 13,Waveland/Racine,67,69,-2,136
CHI00889,Public Rack - Spaulding Ave & Bryn Mawr Ave,68,68,0,136
582,Phillips Ave & 83rd St,63,73,-10,136
385,St Louis Ave & Norman Bobbins Ave,76,60,16,136
20234,Ashland Ave & 78th St,63,71,-8,134
362.0,Lawndale Ave & 16th St,68,66,2,134
750,Public Rack - Harper Ave & 63rd St,103,31,72,134
CHI02201,Maplewood Ave & 59th St,63,70,-7,133
16948,Ashland Ave & 63rd St,80,53,27,133
CHI00866,Homewood Ave & 115th St,72,61,11,133
CHI02200,Rockwell St & 63rd St,69,63,6,132
583,Stony Island Ave & 82nd St,74,58,16,132
21368,Tripp Ave & 31st St,68,64,4,132
CHI01999,Halsted St & 83rd St,75,56,19,131
CHI01112,Public Rack - California Ave & Pershing Rd,57,74,-17,131
575,Cottage Grove Ave & 78th St,68,63,5,131
342,Kedzie Ave & 45th St,91,40,51,131
537,Kenton Ave & Madison St,73,57,16,130
CHI01586,Public Rack - Laramine Ave & Winnemac Ave,60,70,-10,130
CHI01592,Public Rack - Lawrence Ave & Kimball Ave,62,68,-6,130
CHI01817,Mozart St & 79th St,69,60,9,129
20125,Halsted St & 104th St,58,71,-13,129
CHI02213,Monitor Ave & Fullerton Ave,67,62,5,129
CHI01550,Public Rack - Minuteman Park,61,68,-7,129
CHI00939,Damen Ave & 33rd St,73,56,17,129
23126,Springfield Ave & 80th St,62,66,-4,128
CHI02374,North Ave Public Rack - 4,61,67,-6,128
CHI00790,Eberhart Ave & 91st St,63,65,-2,128
24476,Farragut Ave & Central Ave,65,62,3,127
24199,Monitor Ave & Division St,59,68,-9,127
CHI00820,W 103rd St & S Avers Ave,84,42,42,126
1123.0,Public Rack - Milwaukee Ave & Lawrence Ave,62,64,-2,126
CHI01433,Public Rack - Prairie Ave & Garfield Blvd N,47,79,-32,126
CHI01221,Public Rack - Western Ave & 92nd Pl,61,65,-4,126
20206,Homewood Ave & 115th St,57,68,-11,125
CHI02248,Lavergne Ave & Archer Ave,56,69,-13,125
CHI00862,Major Taylor Trail & 115th St,68,57,11,125
CHI01970,Loomis St & 95th St,64,61,3,125
CHI01934,Oriole Ave & Irving Park Rd,61,64,-3,125
863,Public Rack - Karlov Ave & Milwaukee Ave,61,63,-2,124
CHI01966,Burley Ave & 91st St,78,46,32,124
20115,Martin Luther King Dr & 111th St,89,35,54,124
24220,Homan Ave & Arthington Ave,59,65,-6,124
1235.0,Public Rack - Lockwood & Archer,56,68,-12,124
CHI00851,Ewing Ave & Burnham Greenway,64,60,4,124
24225,Avers Ave & 16th St,64,59,5,123
1048,Public Rack - Western Ave & 47th Pl,61,62,-1,123
CHI01796,Springfield Ave & 71st St,56,67,-11,123
1277.0,Public Rack - Peterson Park,61,62,-1,123
CHI01958,St Louis Ave & 51st St,65,58,7,123
CHI00956,Halsted St & 111th St,62,61,1,123
1284.0,Public Rack - Forest Glen Station,59,64,-5,123
24472,Elston Ave & Carmen Ave,62,61,1,123
373,Augusta Blvd & Laramie Ave,77,46,31,123
CHI00818,Kedzie Ave & 110th St,71,51,20,122
CHI01379,Public Rack - 532 E 43rd St,51,71,-20,122
404,Pulaski Rd & 60th St,86,36,50,122
CHI01524,Public Rack - Washington Park Ct & 51st St,58,64,-6,122
23114,Kildare Ave & 85th St (Kostner Ave & 87th St TEMPORARY),63,59,4,122
CHI01721,Public Rack - Pulaski & Ardmore,55,67,-12,122
CHI01917,Lamon Ave & 47th St,49,73,-24,122
20241,Steelworkers Park,71,50,21,121
CHI02259,MLK Dr & 111th St,60,61,-1,121
CHI02210,Wentworth Ave & 111th St,61,60,1,121
CHI00691,Bennett Ave & 79th St,64,56,8,120
CHI00821,Elizabeth St & 92nd St,55,65,-10,120
CHI01696,Public Rack - St Louis & Lincoln,59,61,-2,120
CHI02334,Public Rack - South Boulevard Beach,60,60,0,120
CHI00957,Ashland Ave & 78th St,53,67,-14,120
319,Roscoe & Harlem,74,45,29,119
427,Whipple St & Roosevelt Rd,80,39,41,119
CHI02326,Whipple St & Roosevelt Rd,68,51,17,119
CHI02204,Hamlin Ave & 62nd Pl,56,63,-7,119
1195.0,Public Rack - Nashotah & Northwest Hwy,54,64,-10,118
CHI00935,Francisco Ave & Hollywood Ave,61,57,4,118
1202.0,Public Rack - Mango & Higgins,58,60,-2,118
CHI00868,Avenue O & 118th St,54,64,-10,118
CHI01632,Public Rack - Hiawatha & Mendota,54,64,-10,118
CHI02337,Public Rack - Lee Street Beach,57,60,-3,117
508,Public Rack - Pulaski Rd & Fullerton Ave,59,58,1,117
CHI01080,Racine Ave & 57th St,58,58,0,116
23122,Paulina Ave & 87th St,55,61,-6,116
24398,Commercial Ave & 97th St,57,58,-1,115
CHI01205,May St & 69th St,60,55,5,115
CHI01511,Public Rack - Garfield Park Conservatory,55,60,-5,115
587,Wabash Ave & 83rd St,67,48,19,115
CHI01959,Throop St & 99th St,61,54,7,115
20124,Vincennes Ave & 104th St,69,46,23,115
21349,Spaulding Ave & 63rd,52,62,-10,114
CHI01570,Public Rack - Milwaukee Ave & Culyer Ave,49,65,-16,114
CHI00893,Kenneth Ave & 50th St,73,41,32,114
CHI02202,Kenneth Ave & 50th St,54,59,-5,113
CHI01884,Pulaski Rd & 60th Pl,55,58,-3,113
702,Public Rack - Western Ave & 92nd Pl,56,57,-1,113
21393,Oketo Ave & Addison St,52,60,-8,112
20118,Eggleston Ave & 92nd St,48,64,-16,112
CHI01613,Public Rack - Olmstead Ave & Oliphant Ave,51,61,-10,112
1200.0,Public Rack - Melvina & Foster,55,56,-1,111
CHI02214,New England Ave & North Ave,58,53,5,111
1181.0,Public Rack - Delphina & Foster,56,55,1,111
CHI00688,Damen Ave & 74th St,58,53,5,111
CHI00684,Laramie Ave & Gladys Ave,53,57,-4,110
1192.0,Public Rack - Central & Leland,55,55,0,110
399,Lavergne Ave & 46th St,60,50,10,110
647,Racine Ave & 57th St,49,60,-11,109
CHI01203,Stony Island Ave & South Chicago Ave,61,48,13,109
24375,Wabash Ave & 59th St,47,62,-15,109
CHI01811,Homan Ave & 77th St,56,53,3,109
1111.0,Public Rack - Lavergne Ave & Belle Plaine Ave,54,55,-1,109
24321,Oconto Ave & Belmont Ave,55,54,1,109
485,Public Rack - Sacramento Ave & Devon Ave,54,55,-1,109
CHI00843,Avenue O & 134th St,52,56,-4,108
1011,Public Rack - Fullerton Ave & Narragansett Ave,53,55,-2,108
CHI01662,Public Rack - Kilpatrick & Elston,54,54,0,108
CHI01336,Kostner Ave & Adams St,49,59,-10,108
24459,Higgins Ave & Austin Ave,50,57,-7,107
341,Archer Ave & 43rd St,62,45,17,107
20113,Dauphin Ave & 103rd St,57,50,7,107
CHI00955,Public Rack - Kimball Ave & Carmen Ave,50,56,-6,106
CHI01781,Wood St & 84th St,56,50,6,106
493,Public Rack - St Louis Ave & Berteau Ave,51,55,-4,106
CHI02219,Kedzie Ave & 45th St,60,46,14,106
1112.0,Public Rack - Milwaukee Ave & Pensacola Ave,53,52,1,105
CHI01802,Kedzie Ave & 73rd St,49,56,-7,105
1070,Public Rack - Lawndale Ave & 23rd St,53,52,1,105
24250,Rockwell St & 47th St,63,42,21,105
501,Public Rack - Milwaukee Ave & School St,52,53,-1,105
CHI00817,Martin Luther King Dr & 111th St,74,31,43,105
909,Public Rack - Wolcott Ave & 61st St,55,50,5,105
CHI01253,Long Ave & Belden Ave,70,35,35,105
857,Public Rack - Sawyer Ave & Bryn Mawr Ave - SE,51,54,-3,105
CHI01757,Springfield Ave & 80th St,50,55,-5,105
20217,Torrence Ave & 126th Pl,69,36,33,105
24200,Pine Ave & Division St,55,50,5,105
20225,Commercial Ave & 100th St,53,51,2,104
24352,Vincennes Ave & 79th St,56,47,9,103
16953,Vincennes Ave & 75th St,49,54,-5,103
490,Public Rack - Kimball Ave & Carmen Ave,51,52,-1,103
CHI02368,ETHS Main Campus,50,52,-2,102
1072,Public Rack - Washington Park Ct & 51st St,56,46,10,102
20236,Stony Island Ave & 90th St,50,52,-2,102
CHI01428,Public Rack - Langley Ave & Oakwood Blvd,50,52,-2,102
502,Public Rack - Milwaukee Ave & Addison St,49,53,-4,102
CHI01689,Public Rack - Christiana & Lincoln,49,53,-4,102
20119,Elizabeth St & 92nd St,47,55,-8,102
957,Public Rack - Langley Ave & Oakwood Blvd,55,46,9,101
24407,Baltimore Ave & 133rd St,50,51,-1,101
24257,Archer Ave & 49th St,50,51,-1,101
CHI01909,Mozart St & 55th St,43,58,-15,101
CHI00849,Altgeld Gardens,47,53,-6,100
471,Damen Ave & 33rd St,66,34,32,100
CHI00728,Green St & 86th St,60,40,20,100
CHI01584,Public Rack - Lotus Ave & Lawrence Ave,44,55,-11,99
CHI01560,Public Rack - Melvina Ave & Montrose Ave,45,54,-9,99
324,Meade Ave & Addison St,59,40,19,99
1275.0,Public Rack - Norwood Park Station,48,51,-3,99
544,Public Rack - Laramie Ave & Belmont Ave,48,51,-3,99
CHI00895,Lawndale Ave & 16th St,60,39,21,99
20201,Kedzie Ave & 104th St,56,42,14,98
CHI00776,Olive Harvey College,48,50,-2,98
CHI00845,Greenwood Ave & 91st St,45,53,-8,98
776,Public Rack - Komensky Ave & 59th St,48,49,-1,97
CHI01580,Public Rack - Milwaukee Ave & Catalpa Ave,47,50,-3,97
24285,Kildare Ave & Archer Ave,54,43,11,97
610,Public Rack - Langley Ave & 105th Pl,47,50,-3,97
CHI00819,Eggleston Ave & 92nd St,48,49,-1,97
417,Troy St & Jackson Blvd,74,22,52,96
CHI01888,Kedzie Ave & 45th St,81,15,66,96
CHI01507,Public Rack - Kedzie Ave & Chicago Ave,45,51,-6,96
CHI01299,Public Rack - Emerald Ave & 45th St,43,52,-9,95
CHI02206,Troy St & 27th St,51,44,7,95
24322,Overhill Ave & Belmont Ave,46,49,-3,95
CHI02390,Bent Park,44,51,-7,95
CHI01940,Parnell Ave & 127th St,54,40,14,94
364.0,Homan Ave & Fillmore St,57,37,20,94
24477,Lynch Ave & Elston Ave,43,50,-7,93
CHI01723,Public Rack - Norwood Park Station,44,49,-5,93
682,Public Rack - 111th St - Morgan Park Metra,46,47,-1,93
13060,Sheffield Ave & Fullerton Ave,47,46,1,93
CHI02220,Archer Ave & 43rd St,57,36,21,93
24347,Hamilton Park,46,47,-1,93
954,Public Rack - Prairie Ave & Garfield Blvd N,44,49,-5,93
24261,St Louis Ave & 51st St,51,42,9,93
CHI01752,Columbus Ave & 83rd Pl,51,41,10,92
25490,Milwaukee Ave & Highland Ave,42,50,-8,92
1132.0,Public Rack - Lawrence Ave & Kimball Ave,40,52,-12,92
20202,W 103rd St & S Avers Ave,59,32,27,91
CHI00213,Archer Ave & 43rd St,50,41,9,91
CHI02018,Eggleston Ave & 115th St,46,45,1,91
CHI00894,Public Rack - California Ave & Devon Ave - NE,43,48,-5,91
CHI00675,Public Rack - California Ave & Ogden Ave,44,46,-2,90
CHI01638,Public Rack - Delphina & Foster,43,47,-4,90
CHI01219,Public Rack - Kostner Ave & North Ave,43,47,-4,90
991,Public Rack - Western Ave & 96th St,47,43,4,90
CHI00356,Springfield Ave & 47th St,66,24,42,90
CHI01997,Karlov Ave & Fillmore St,48,41,7,89
1102.0,Public Rack - Central Ave & Pensacola Ave,44,45,-1,89
CHI01001,Public Rack - Pulaski Rd & Fullerton Ave,39,50,-11,89
333.0,Kildare & Cermak,52,37,15,89
CHI01249,Public Rack - Princeton Ave & 43rd St,40,48,-8,88
21354,Parkside Ave & Armitage Ave,51,37,14,88
CHI02227,Springfield Ave & 47th St,60,28,32,88
CHI02342,Public Rack - Centennial Park South,40,47,-7,87
23116,Columbus Ave & 83rd Pl,47,40,7,87
CHI01213,Public Rack - Pulaski Rd & Armitage Ave,42,45,-3,87
CHI00911,Narragansett Ave & School St,42,45,-3,87
1145.0,Public Rack - Peterson Ave & Milwaukee Ave,42,45,-3,87
CHI00738,Loomis St & 89th St,48,39,9,87
CHI01438,Public Rack - Lockwood Ave & Diversey Ave,41,45,-4,86
1180.0,Public Rack - N. Oakview and W. Gregory St,44,42,2,86
24144,Central Park Ave & 66th St,29,57,-28,86
CHI02212,Narragansett Ave & School St,40,46,-6,86
CHI00953,Public Rack - Rockwell Ave & Touhy Ave,41,45,-4,86
24279,Lawndale Ave & 59th St,38,47,-9,85
CHI01508,Public Rack - Sawyer Ave & Chicago Ave,39,46,-7,85
392,Homan Ave & 65th St,47,38,9,85
CHI01688,Public Rack - Monticello & Lawrence,45,40,5,85
1015,Public Rack - Peterson Ave & Drake Ave,41,44,-3,85
564,Racine Ave & 65th St,40,44,-4,84
20237,Yates Blvd & 93rd St,42,42,0,84
937,Public Rack - King Dr & 115th St,37,46,-9,83
24240,Kedzie Ave & 38th Pl,39,44,-5,83
CHI01171,Public Rack - Penn Elementary School / KIPP Ascend Middle School,38,45,-7,83
320,Orange & Addison,41,42,-1,83
CHI01786,Paulina Ave & 87th St,40,42,-2,82
CHI01972,Michigan Ave & 108th St,53,29,24,82
CHI01411,Public Rack - Eberhart Ave & 61st St,40,42,-2,82
486,Public Rack - California Ave & Devon Ave - NW,41,41,0,82
CHI02217,Keeler Ave & Roosevelt Rd,45,37,8,82
1085.0,Public Rack - 63rd Pl & Narraganssett Ave,47,34,13,81
CHI02224,Laramie Ave & Augusta Blvd,42,39,3,81
CHI01172,Public Rack - Lafayette Ave & 95th St,40,41,-1,81
CHI01470,Public Rack - Peterson Ave & Drake Ave,40,41,-1,81
CHI00838,State St & 123rd St,41,40,1,81
CHI01548,Public Rack - Natoma Ave & 61st St,38,42,-4,80
CHI01466,Public Rack - Fullerton Ave & Narragansett Ave,39,41,-2,80
1115.0,Public Rack - Milwaukee Ave & Leland Ave,41,38,3,79
CHI01167,Public Rack - Menard Ave & Dakin St - midblock,39,39,0,78
CHI01989,Halsted St & 123rd St,42,36,6,78
1055,Public Rack - Kedzie Ave & Chicago Ave,38,40,-2,78
CHI02410,California Ave & Schubert Ave,38,40,-2,78
CHI01578,Public Rack - Mont Clare Ave & Higgins Ave,39,38,1,77
24360,Princeton Ave & 95th St,52,25,27,77
418,Mozart St & Jackson Blvd,46,31,15,77
CHI01427,Public Rack - Lake Shore Dr & Hayes Dr,34,43,-9,77
24362,Wentworth Ave & 92nd St,38,39,-1,77
16970,Bennett Ave & 79th St,36,40,-4,76
588,South Chicago Ave & 83rd St,39,37,2,76
346,Kedzie Ave & 57th St,44,32,12,76
395,Shabbona Park,43,33,10,76
CHI01509,Public Rack - Tripp Ave & North Ave,38,38,0,76
CHI00913,Whipple St & Roosevelt Rd,53,23,30,76
751,Public Rack - Kimbark Ave & 67th St,38,37,1,75
695,Public Rack - Western Ave & 100th St,38,37,1,75
788,Public Rack - Greenwood Ave & Lake Park Ave,36,39,-3,75
1205.0,Public Rack - Lynch & Elston,38,37,1,75
419,Sacramento Blvd & Polk St,48,27,21,75
CHI02211,Harlem Ave & Roscoe St,37,38,-1,75
CHI01515,Public Rack - Independence Blvd & Roosevelt,21,54,-33,75
1229.0,Public Rack - Nordica & Archer,35,39,-4,74
999,Public Rack - Champlain Ave & 65th St,36,38,-2,74
CHI01133,Public Rack - Komensky Ave & 59th St,37,37,0,74
CHI01417,Public Rack - State ST & 42nd St,31,43,-12,74
CHI01930,Harding Ave & 31st St,37,37,0,74
CHI00704,Racine Ave & 61st St,35,39,-4,74
21363,Tripp Ave & 15th St,30,44,-14,74
20211,Eberhart Ave & 131st St,44,29,15,73
1213.0,Public Rack - Kostner & Peterson,37,36,1,73
330.0,Keeler Ave & Roosevelt Rd,49,24,25,73
1214.0,Public Rack - Pulaski & Rosemont,35,38,-3,73
CHI00890,Lavergne Ave & 46th St,40,33,7,73
391,Rockwell St & 63rd St,58,15,43,73
CHI00877,Komensky Ave & 55th St,58,15,43,73
CHI01678,Public Rack - Neenah & Dakin,35,37,-2,72
627,Public Rack - Halsted St & 95th St - SE,54,18,36,72
CHI01201,Public Rack - Austin Blvd & North Ave,29,43,-14,72
CHI00887,Pulaski Rd & 60th St,49,23,26,72
CHI02262,Homan Ave & Fillmore St,48,24,24,72
CHI00840,Commercial Ave & 100th St,42,30,12,72
652,Rhodes Ave & 71st St,34,38,-4,72
CHI01593,Public Rack - Bernard St & Foster Ave,36,36,0,72
CHI02223,Avers Ave & 103rd St,38,33,5,71
20243,Michigan Ave & 114th St,34,37,-3,71
CHI01562,Public Rack - Central Ave & Pensacola Ave,35,36,-1,71
556,Throop St & 52nd St,37,33,4,70
906,Public Rack - Prairie Ave & Garfield Blvd S,59,11,48,70
CHI01268,Public Rack - Jeffrey Blvd & 71st St,32,38,-6,70
483,Public Rack - Western Ave & Jarvis Ave,33,37,-4,70
CHI01512,Public Rack - Homan Ave & Lake St,35,35,0,70
1197.0,Public Rack - Northwest Hwy & Bryn Mawr,34,35,-1,69
352,Sayre & Diversey,32,37,-5,69
CHI02199,Western Ave & 62nd St,38,31,7,69
822,Public Rack - Talman Ave & 51st St,32,37,-5,69
CHI01812,Central Park Ave & 66th St,32,37,-5,69
20208,Major Taylor Trail & 124th St,35,34,1,69
565,Public Rack - Austin Ave & Wrightwood Ave,31,38,-7,69
1126.0,Public Rack - Laramine Ave & Winnemac Ave,36,33,3,69
308,Major Ave & Bloomingdale Ave,39,29,10,68
24253,Lamon Ave & 47th St,26,42,-16,68
CHI00910,Menard Ave & North Ave,51,17,34,68
CHI00689,Vincennes Ave & 75th St,41,27,14,68
20238,Greenwood Ave & 97th St,27,41,-14,68
348,Western Ave & 62nd St,35,33,2,68
516,Public Rack - Kenton Ave & Palmer St,33,35,-2,68
CHI01567,Public Rack - Milwaukee Ave & Warner Ave,33,35,-2,68
CHI01279,North Ave & New England Ave,36,31,5,67
20212,Altgeld Gardens,43,24,19,67
CHI02402,Damen Ave & Ogden Ave,34,33,1,67
400,Lawler Ave & 50th St,36,31,5,67
1033,Public Rack - Pulaski Rd & 65th St,29,38,-9,67
1124.0,Public Rack - Lotus Ave & Lawrence Ave,34,33,1,67
CHI00867,Torrence Ave & 106th St,38,29,9,67
CHI01650,Public Rack - Parkside & 63rd,32,34,-2,66
964,Public Rack - Lockwood Ave & Diversey Ave,33,33,0,66
CHI01045,Marshfield Ave & 59th St,32,34,-2,66
465,Troy Ave & 27th St,43,23,20,66
CHI01718,Public Rack - Oak Park & Higgins,32,34,-2,66
24379,Martin Luther King Dr & 87th St,38,27,11,65
CHI00789,Rhodes Ave & 71st St,32,33,-1,65
CHI01464,Public Rack - Marquette Rd & 67th St,29,36,-7,65
CHI01120,Public Rack - Houston Ave & 91st St,31,34,-3,65
CHI02371,North Ave Beach Public Rack - 3,31,34,-3,65
CHI01374,Kildare & Cermak,38,26,12,64
CHI01119,Public Rack - Kenton Ave & Palmer St,30,34,-4,64
20221,Torrence Ave & 106th St,33,31,2,64
1219.0,Public Rack - Kimball & Ardmore,31,33,-2,64
1216.0,Public Rack - St Louis & Lincoln,31,33,-2,64
1100.0,Public Rack - Melvina Ave & Montrose Ave,31,33,-2,64
1236.0,Public Rack - Parkside & Archer,32,32,0,64
24263,Sacramento Ave & 51st St,33,30,3,63
24359,Vincennes Ave & 95th St,28,35,-7,63
CHI01637,Public Rack - N. Oakview and W. Gregory St,31,32,-1,63
489,Public Rack - Spaulding Ave & Bryn Mawr Ave,33,30,3,63
1209.0,Public Rack - Leader & Caldwell,30,33,-3,63
CHI02340,Public Rack - Dawes Park South,30,33,-3,63
CHI01009,Roscoe & Harlem,36,26,10,62
CHI02070,Addison Red Line Corral,26,36,-10,62
1207.0,Public Rack - Parkside & Elston,29,33,-4,62
317,Long Ave & Belmont Ave,45,17,28,62
736,Public Rack - Jeffrey Blvd & 71st St,23,39,-16,62
24412,Stewart Ave & 123rd St,31,30,1,61
CHI02228,Major Ave & Bloomingdale Ave,36,25,11,61
1028,Public Rack - Whipple St & 63rd St,27,34,-7,61
984,Public Rack - Ashland Ave & 91st St,30,31,-1,61
353,Meade Ave & Diversey Ave,23,38,-15,61
1230.0,Public Rack - Newcastle & Archer,29,31,-2,60
25134,Pulaski Rd & 75th St,27,33,-6,60
1129.0,Public Rack - Elston Ave & Kenneth Ave,23,37,-14,60
24480,Austin Ave & Milwaukee Ave,31,29,2,60
452,Richmond St & Lincoln Ave,37,23,14,60
CHI00981,Public Rack - Walden Pkwy & 103rd St,28,32,-4,60
CHI00869,Steelworkers Park Public Rack,37,23,14,60
CHI01430,Public Rack - King Dr & Oakwood Blvd,26,34,-8,60
841,Public Rack - Damen Ave & 47th St,29,31,-2,60
CHI01676,Public Rack - Richard Daley College,28,32,-4,60
24283,Pulaski Rd & 60th Pl,26,34,-8,60
CHI01315,South Chicago Ave & Elliot Ave,44,16,28,60
CHI00937,Troy Ave & 27th St,38,22,16,60
498,Public Rack - Avondale Ave & Addison St,30,29,1,59
CHI01946,State St & 127th St,34,25,9,59
CHI00823,Michigan Ave & 114th St,37,22,15,59
CHI01044,Public Rack - Menard Ave & Belmont Ave,28,31,-3,59
1058,Public Rack - Kildare Ave & North Ave,28,31,-3,59
CHI00905,Sacramento Blvd & Polk St,36,23,13,59
CHI00708,Carpenter St & 63rd St,33,26,7,59
479,Public Rack - California Ave & Touhy Ave - NW,29,30,-1,59
Hubbard Bike-checking (LBS-WH-TEST),SCOOTERS CLASSIC - 2132 W Hubbard ST,8,50,-42,58
CHI00685,Public Rack - Laramie Ave & Belmont Ave,27,31,-4,58
CHI01951,Manistee Ave & 95th St,33,25,8,58
1187.0,Public Rack - Odell & Talcott,27,30,-3,57
466,California Ave & 29th St,43,14,29,57
CHI02260,Cottage Grove Ave & 107th St,36,21,15,57
547,Public Rack - Cicero Ave & Wrightwood Ave,28,29,-1,57
CHI01175,Public Rack - Waller Ave & Chicago Ave,27,30,-3,57
24392,Commercial Ave & 90th St,35,22,13,57
1176.0,Public Rack - Imlay & Milwaukee,27,30,-3,57
25479,Central & Elston,31,26,5,57
722,Public Rack - Racine Ave & 74th St,28,29,-1,57
CHI01583,Public Rack - Milwaukee Ave & Lawrence Ave,28,29,-1,57
CHI01629,Public Rack - Touhy Ave & Oconto Ave,25,32,-7,57
376,Menard Ave & North Ave,37,20,17,57
CHI02258,Ave H & 110th St,31,26,5,57
539,Public Rack - Eli Whitney Public School,22,35,-13,57
CHI01310,Public Rack - Calumet Ave & 51st St,22,34,-12,56
Corral 8,Grace/Sheffield,26,30,-4,56
1223.0,Public Rack - Kenton & Lawrence,28,28,0,56
1208.0,Public Rack - Central & Prescott,28,28,0,56
958,Public Rack - State ST & 42nd St,27,29,-2,56
18025,Carpenter St & 63rd St,25,31,-6,56
874,Public Rack - Elizabeth St & 115th St,27,28,-1,55
CHI01572,Public Rack - Milwaukee Ave & Pensacola Ave,26,29,-3,55
24308,Narragansett Ave & North Ave,23,32,-9,55
1150.0,Public Rack - Bryn Mawr Ave & Spaulding Ave,26,29,-3,55
CHI01144,Public Rack - Mozart Elementary School,31,23,8,54
CHI02399,North Ave Beach Public Rack - 2,25,29,-4,54
24454,Western Ave & 101st St,32,22,10,54
CHI02253,Mango Ave & Grand Ave,27,27,0,54
20111,Olive Harvey College,30,24,6,54
CHI00917,Rockwell St & 63rd St,38,16,22,54
CHI01699,Public Rack - Pulaski & Rosemont,25,29,-4,54
24135,Homan Ave & 77th St,22,32,-10,54
CHI02203,Lavergne Ave & 46th St,36,17,19,53
1059,Public Rack - Garfield Park Conservatory,25,28,-3,53
745,Public Rack - Halsted St & 63rd St,27,26,1,53
CHI00974,Public Rack - Jeffery Blvd & 67th St,26,27,-1,53
CHI00883,Wentworth Ave & 104th St,23,30,-7,53
CHI01485,Public Rack - Komensky Ave & 63rd St,25,27,-2,52
1279.0,Public Rack - Richard Daley College,25,27,-2,52
1122.0,Public Rack - Winona St & Elston Ave,25,27,-2,52
CHI02376,North Ave Public Rack - 6,25,27,-2,52
387,St Louis Ave & 59th St,29,23,6,52
1118.0,Public Rack - Mont Clare Ave & Higgins Ave,26,26,0,52
CHI00965,Daley Center Plaza Corral,40,12,28,52
CHI02372,North Ave Beach Public Rack - 4,28,24,4,52
CHI01168,Public Rack - Cicero Ave & North Ave,25,27,-2,52
24335,Newcastle Ave & Irving Park Rd,25,27,-2,52
CHI01724,Public Rack - Lockwood & Archer,23,28,-5,51
552,Public Rack - Cicero Ave & Cortland St - midblock,23,28,-5,51
914,Public Rack - Martin Luther King Dr & 44th St,30,21,9,51
CHI01657,Public Rack - Central Park & Bryn Mawr,25,26,-1,51
CHI00839,Major Taylor Trail & 124th St,28,22,6,50
524,Public Rack - Central Park Ave & Fillmore St,24,26,-2,50
815,Public Rack - Forrestville Ave & 47th St,24,26,-2,50
23124,Wood St & 84th St,27,23,4,50
CHI01673,Public Rack - S. Kilpatrick and W. 79th,21,29,-8,50
1242.0,Public Rack - Cicero & 64th,25,25,0,50
CHI01944,Lavergne Ave & 44th St,26,24,2,50
1196.0,Public Rack - Mulligan & Northwest Hwy,24,26,-2,50
CHI01196,Major Ave & Bloomingdale Ave,32,18,14,50
CHI00900,Hamlin Ave & 62nd Pl,25,24,1,49
24432,Racine Ave & 115th St,24,25,-1,49
876,Public Rack - Throop St & 109th Pl,22,27,-5,49
CHI01575,Public Rack - Milwaukee Ave & Leland Ave,24,25,-1,49
1227.0,Public Rack - Monticello & Lawrence,21,27,-6,48
CHI01690,Public Rack - Kenton & Lawrence,24,24,0,48
CHI01933,Indiana Ave & 133rd St,27,21,6,48
CHI01615,Public Rack - Northwest Hwy & Neva Ave,23,25,-2,48
550,Public Rack - Laramie Ave & Grand Ave,24,24,0,48
331.0,Pulaski Rd & 21st St,32,16,16,48
309,Narragansett & McLean,26,21,5,47
CHI01267,Public Rack - Avers Ave & Ogden Ave,21,26,-5,47
913,Public Rack - 532 E 43rd St,23,24,-1,47
CHI00976,Public Rack - Ewing Ave & Indianapolis Ave,24,23,1,47
CHI01711,Public Rack - Ford City Mall,20,27,-7,47
CHI02161,Western Ave & 81st St,27,20,7,47
CHI01674,Public Rack - Neva & Foster,25,21,4,46
1127.0,Public Rack - Karlov Ave & Lawrence Ave,24,22,2,46
CHI00825,Ada St & 113th Pl,27,19,8,46
CHI02187,Lawndale Ave & 16th St,25,21,4,46
CHI00950,Public Rack - California Ave & Devon Ave - NW,24,22,2,46
775,Public Rack - Kedzie Ave & 58th St,24,22,2,46
1095.0,Public Rack - Mobile Ave & Archer Ave,25,21,4,46
24333,Oriole Ave & Irving Park Rd,20,26,-6,46
1092.0,Public Rack - 56th St & Mulligan Ave,30,15,15,45
20130,Wentworth Ave & 104th St,16,29,-13,45
24130,Western Ave & 81st St,25,20,5,45
1217.0,Public Rack - Christiana & Lincoln,22,23,-1,45
381,Francisco Ave & 47th St,26,19,7,45
1088.0,Public Rack - Natoma Ave & 61st St,21,24,-3,45
CHI01755,Kostner & 87th,23,22,1,45
20133,Woodlawn & 103rd,34,11,23,45
1198.0,Public Rack - Oak Park & Higgins,21,23,-2,44
379,Rockwell St & Archer Ave,29,15,14,44
CHI01576,Public Rack - Oak Park Ave & Foster Ave,23,21,2,44
20129,Ada St & 113th Place,23,21,2,44
CHI01510,Public Rack - Kildare Ave & North Ave,17,27,-10,44
24401,Ewing Ave & 98th St,21,22,-1,43
20209,S Michigan Ave & E 118th St,26,17,9,43
860,Public Rack - Christiana Ave & Lawrence Ave,26,17,9,43
20220,Avenue L & 114th St,30,13,17,43
CHI01656,Public Rack - Linder & Elston,20,23,-3,43
1107.0,Public Rack - Milwaukee Ave & Warner Ave,22,21,1,43
CHI01588,Public Rack - 4810 Keeler Ave,21,22,-1,43
CHI01634,Public Rack - Sayer & Northwest Hwy,21,22,-1,43
634,Public Rack - Oglesby Ave & 95th St,20,23,-3,43
BIKE FLEET,NEW HASTINGS,2,40,-38,42
CHI01536,Public Rack - Linder Ave & 64th Pl,20,22,-2,42
1133.0,Public Rack - Bernard St & Foster Ave,20,22,-2,42
CHI02208,Kedzie Ave & 104th St,28,14,14,42
20134,Maryland Ave & 104th St,37,5,32,42
947,Public Rack - Exchange Ave & 73rd Pl,20,22,-2,42
25405,Ave L & 114th,21,21,0,42
CHI01199,Public Rack - Rutherford Ave & Belmont Ave,21,21,0,42
1271.0,Public Rack - Western & 83rd,21,21,0,42
1257.0,Public Rack - S. Kilpatrick and W. 79th,18,24,-6,42
509,Public Rack - Mozart Elementary School,24,18,6,42
CHI01713,Public Rack - Central & Prescott,18,23,-5,41
CHI01565,Public Rack - Irving Park Rd & Parkside Ave,22,19,3,41
817,Public Rack - Lowe Park,19,22,-3,41
CHI00954,Public Rack - Chase Ave & Touhy Ave - NE,20,21,-1,41
21394,Panama Ave & Grace St,16,25,-9,41
CHI01569,Public Rack - Milwaukee Ave & Sunnyside Ave,20,21,-1,41
CHI01010,Public Rack - Christiana Ave & Bryn Mawr Ave,21,20,1,41
1206.0,Public Rack - Linder & Elston,20,21,-1,41
CHI01497,Public Rack - Loomis Blvd & 47th St,20,21,-1,41
24419,Wentworth Ave & 107th St,15,26,-11,41
CHI01468,Public Rack - Pulaski Rd & Lake St,20,21,-1,41
551,Public Rack - Cicero Ave & North Ave,20,20,0,40
968,Public Rack - Leclaire Ave & Division St,20,20,0,40
394,Panama Ave & Grace St,21,19,2,40
421,Albany Ave & Douglas Blvd,23,17,6,40
1171.0,Public Rack - Overhill Ave & Touhy Ave,20,20,0,40
1178.0,Public Rack - Harlem & Palatine,19,21,-2,40
1018,Public Rack - Kostner Ave & Wrightwood Ave,19,21,-2,40
24478,Menard Ave & Milwaukee Ave,22,18,4,40
696,Public Rack - Hamilton Ave & 95th St,21,18,3,39
CHI01117,Public Rack - 111th St - Morgan Park Metra,19,20,-1,39
CHI00831,Kedzie Ave & 104th St,30,9,21,39
20126,S Aberdeen St & W 106th St,21,18,3,39
CHI01322,Public Rack - Western Ave & 100th St,19,20,-1,39
CHI01457,Public Rack - Western Ave & 96th St,18,21,-3,39
1036,Public Rack - Kedzie Ave & 60th St,17,22,-5,39
377,Bloomingdale Ave & Harlem Ave,25,14,11,39
1177.0,Public Rack - Sayer & Northwest Hwy,20,19,1,39
836,Public Rack - Kedzie Ave & Archer Ave,19,20,-1,39
CHI01118,Public Rack - Harper Ave & 63rd St,17,21,-4,38
CHI02335,Public Rack - Garden Park,19,19,0,38
380,Fairfield Ave & 44th St,20,18,2,38
948,Public Rack - South Shore Dr & 71st St,19,19,0,38
CHI01641,Public Rack - Ozman & Talcott,16,22,-6,38
CHI01380,Public Rack - Martin Luther King Dr & 44th St,18,20,-2,38
CHI01633,Public Rack - Imlay & Milwaukee,18,20,-2,38
1157.0,Public Rack - Northwest Hwy & Neva Ave,17,21,-4,38
CHI00942,Fullerton & Monitor,25,13,12,38
24358,Loomis St & 95th St,22,15,7,37
CHI00938,California Ave & 29th St,26,11,15,37
CHI01024,Public Rack - Strohacker Park,18,19,-1,37
CHI01714,Public Rack - Forest Glen & Peterson,19,18,1,37
CHI00837,Woodlawn & 103rd,33,4,29,37
482,Public Rack - Chase Ave & Touhy Ave - NE,19,18,1,37
CHI01717,Public Rack - Melvina & Foster,17,20,-3,37
CHI01025,Public Rack - Ashland Ave & 71st St,16,21,-5,37
378,Nordica & Medill,20,17,3,37
CHI01475,Public Rack - Hamlin Ave & Madison St,17,20,-3,37
724,Public Rack - Halsted St & 76th St,27,10,17,37
CHI00864,Eberhart Ave & 131st St,19,17,2,36
CHI01936,Shields Ave & 57th St,21,15,6,36
CHI02205,Homan Ave & 65th St,18,18,0,36
CHI01963,Michigan Ave & 113th St,22,14,8,36
CHI01087,Public Rack - Kedzie Ave & 64th St - SW,17,19,-2,36
CHI02009,STAFF & VISITORS @ West Chicago Warehouse,12,24,-12,36
393,Oketo Ave & Addison St,20,16,4,36
CHI01628,Public Rack - Overhill Ave & Touhy Ave,17,19,-2,36
1013,Public Rack - Pulaski Rd & Lake St,19,17,2,36
CHI00899,Western Ave & 62nd St,18,18,0,36
1221.0,Public Rack - Pulaski & Ardmore,17,19,-2,36
1172.0,Public Rack - Touhy Ave & Oconto Ave,16,20,-4,36
1104.0,Public Rack - Irving Park Rd & Austin Ave,18,18,0,36
CHI01643,Public Rack - Oketo & Talcott,17,18,-1,35
665,South Chicago Ave & Elliot Ave,17,18,-1,35
CHI00946,Public Rack - California Ave & Touhy Ave - SW,12,23,-11,35
24400,Ewing Ave & 97th St,19,16,3,35
25218,Karlov Ave & Fillmore St,17,18,-1,35
CHI02221,Woodlawn Ave & 103rd St,18,17,1,35
359,Kilbourn & Belden,20,15,5,35
CHI00986,Public Rack - Sawyer Ave & Bryn Mawr Ave - SW,18,17,1,35
1194.0,Public Rack - Norwood Park,17,17,0,34
CHI01445,Public Rack - Ewing Ave & 107th St,16,18,-2,34
1220.0,Public Rack - Kostner & Bryn Mawr,17,17,0,34
542,Public Rack - Chopin Park,16,18,-2,34
24132,Damen Ave & 77th St,15,19,-4,34
CHI02398,North Ave Beach Public Rack - 1,13,21,-8,34
CHI01513,Public Rack - Central Park Ave & Fulton Blvd,14,20,-6,34
24111,Avers Ave & Foster Ave,14,20,-6,34
1137.0,Public Rack - Nina Ave & Avondale Ave,17,17,0,34
CHI01587,Public Rack - Karlov Ave & Lawrence Ave,17,16,1,33
858,Public Rack - Christiana Ave & Bryn Mawr Ave,17,16,1,33
979,Public Rack - Ewing Ave & 107th St,16,17,-1,33
CHI01664,Public Rack - Mulligan & Northwest Hwy,15,18,-3,33
CHI01537,Public Rack - 63rd Pl & Narraganssett Ave,15,18,-3,33
CHI00719,Public Rack - Plainfield Ave & Irving Park Rd,16,17,-1,33
CHI01729,Public Rack - Cicero & 64th,15,18,-3,33
CHI01190,Public Rack - Sacramento Blvd & Washington Blvd,15,18,-3,33
337,Hoyne Ave & 34th St,29,4,25,33
1222.0,Public Rack - Central Park & Bryn Mawr,16,17,-1,33
CHI01574,Public Rack - Montrose Ave & Lavergne Ave,17,16,1,33
CHI01600,Public Rack - Natoma Ave & Bryn Mawr Ave,16,17,-1,33
CHI01627,Public Rack - Ottowa Ave & Touhy Ave,14,19,-5,33
1278.0,Public Rack - Wentworth Park,15,17,-2,32
24423,Throop St & 99th St,14,18,-4,32
24427,Vincennes Ave & 107th St,19,13,6,32
23129,Mozart St & 79th St,15,17,-2,32
541,Public Rack - Laramie Ave & Warwick Ave,16,16,0,32
327,Plainfield & Irving Park,19,13,6,32
972,Public Rack - Normal Ave & 111th St,15,17,-2,32
694,Public Rack - Wood St & 103rd St,15,17,-2,32
916,Public Rack - Wood St & 47th St,16,16,0,32
805,Public Rack - Neva Ave & Grand Ave,13,19,-6,32
793,Public Rack - Central Ave & Corcoran Pl,15,17,-2,32
CHI00915,Homan Ave & 65th St,15,17,-2,32
CHI01015,Public Rack - Christiana Ave & Lawrence Ave,16,16,0,32
CHI01181,Public Rack - Narragansett Ave & Fullerton Ave,16,16,0,32
CHI01247,Public Rack - Halsted St & 63rd St,16,16,0,32
351,Mulligan Ave & Wellington Ave,21,11,10,32
CHI02076,Mango Ave & Grand Ave,24,8,16,32
303,Kildare Ave & Division St,20,12,8,32
CHI01301,Public Rack - Western Ave & 105th St,16,16,0,32
24395,Burley Ave & 91st St,14,17,-3,31
995,Public Rack - King Dr & 71st St,14,17,-3,31
CHI01680,Public Rack - California & 87th,14,17,-3,31
CHI02336,Public Rack - Clark Square Park,15,16,-1,31
1183.0,Public Rack - Canfield & Victoria,16,15,1,31
808,Public Rack - Rutherford Ave & Belmont Ave,14,17,-3,31
1152.0,Public Rack - Pratt Ave & Odell Ave,16,15,1,31
844,Public Rack - Bishop St & 46th St,17,14,3,31
856,Public Rack - Sawyer Ave & Bryn Mawr Ave - SW,17,14,3,31
1054,Public Rack - Division St & Christiana Ave,15,16,-1,31
1031,Public Rack - Komensky Ave & 63rd St,14,17,-3,31
673,Public Rack - Avenue M & 132nd St,18,13,5,31
CHI01330,Public Rack - Laramie Ave & Grand Ave,15,16,-1,31
325,Harlem Ave & Grace St,20,11,9,31
CHI01027,Public Rack - Neva Ave & Grand Ave,15,16,-1,31
558,Public Rack - Michele Clark Magnet High School,14,17,-3,31
20210,State St & 123rd St,15,16,-1,31
CHI01229,Public Rack - Forrestville Ave & 47th St,13,17,-4,30
697,Public Rack - Longwood Dr & 95th St,15,15,0,30
CHI01180,Public Rack - Melvina Ave & Belmont Ave,14,16,-2,30
1062,Public Rack - Kedzie Ave & Walnut St,15,15,0,30
742,Public Rack - Ashland Ave & 71st St,12,18,-6,30
1128.0,Public Rack - 4810 Keeler Ave,14,16,-2,30
CHI01648,Public Rack - Avers & Granville,14,16,-2,30
1057,Public Rack - Tripp Ave & North Ave,15,15,0,30
1029,Public Rack - Maplewood Ave & 63rd St,14,16,-2,30
1240.0,Public Rack - Parkside & 63rd,13,16,-3,29
CHI01140,Public Rack - Central Ave & Corcoran Pl,16,13,3,29
548,Public Rack - Cicero Ave & Altgeld St,14,15,-1,29
CHI01635,Public Rack - Harlem & Palatine,15,14,1,29
406,Kostner Ave & 63rd St,18,11,7,29
563,Public Rack - Central Ave & George St,14,15,-1,29
CHI02324,Sacramento Ave & Polk St,17,12,5,29
CHI01640,Public Rack - Canfield & Victoria,14,15,-1,29
CHI01654,Public Rack - Northwest Hwy & Bryn Mawr,14,15,-1,29
1186.0,Public Rack - Oketo & Talcott,14,15,-1,29
CHI01563,Public Rack - Irving Park Rd & Menard Ave,14,14,0,28
CHI00848,S Michigan Ave & E 118th St,24,4,20,28
384,Kedzie Ave & 52nd St,20,8,12,28
386,Rockwell St & 57th St,13,15,-2,28
955,Public Rack - Eberhart Ave & 61st St,13,15,-2,28
CHI01703,Public Rack - Norwood Park,14,14,0,28
862,Public Rack - Milwaukee Ave & Waveland Ave,15,13,2,28
900,Public Rack - Western Ave & 118th St,13,15,-2,28
988,Public Rack - Western Ave & 110th St,16,12,4,28
CHI00978,Public Rack - Yates Ave & 100th St,14,14,0,28
CHI01037,Public Rack - Kedvale Ave & Avondale Ave,14,14,0,28
CHI01038,Public Rack - Cicero Ave & Cortland St - midblock,13,15,-2,28
CHI02339,Public Rack - Burnham Shores Park,13,15,-2,28
1239.0,Public Rack - S Menard & W 63rd,11,17,-6,28
CHI01506,Public Rack - Division St & Christiana Ave,13,14,-1,27
336,La Villita Park (Albany/30th),15,12,3,27
CHI01514,Public Rack - Kedzie Ave & Walnut St,14,13,1,27
782,Public Rack - Linder Ave & Archer Ave,14,13,1,27
1146.0,Public Rack - Bryn Mawr Ave & Milwaukee Ave,13,14,-1,27
904,Public Rack - Walden Pkwy & 99th St,13,14,-1,27
CHI01053,Public Rack - Trumbull Ave & 111th St,12,15,-3,27
1091.0,Public Rack - Mulligan Ave & 56th St,18,9,9,27
345,Artesian Ave & 55th St,10,17,-7,27
875,Public Rack - Halsted St & 111th St,13,14,-1,27
CHI01228,Public Rack - Talman Ave & 51st St,13,14,-1,27
852,Public Rack - Kildare Ave & Washignton Blvd,14,13,1,27
CHI02194,California Blvd & 29th St,18,9,9,27
1109.0,Public Rack - Milwaukee Ave & Sunnyside Ave,13,13,0,26
388,Richmond St & 59th St,15,11,4,26
20240,Indiana Ave & 133rd St,18,8,10,26
CHI01403,Public Rack - King Dr & 115th St,12,14,-2,26
365.0,Kildare Ave & 26th St,12,14,-2,26
1218.0,Public Rack - Central Park & Peterson,14,12,2,26
938,Public Rack - Michigan Ave & 107th St,14,12,2,26
1106.0,Public Rack - Irving Park Rd & Melvina Ave,11,15,-4,26
CHI01809,Western Ave & 81st St,15,11,4,26
847,Public Rack - Brandon Ave & 91st St,13,13,0,26
334.0,Lawndale Ave & 30th St,18,8,10,26
757,Public Rack - Kedzie Ave & 63rd St,14,12,2,26
CHI01195,Public Rack - Chappel Ave & 71st St,12,14,-2,26
CHI00973,Public Rack - Kedzie Ave & 64th St - SE,8,18,-10,26
CHI01132,Public Rack - Throop St & 58th St,12,14,-2,26
383,Campbell Ave & 51st St,15,11,4,26
24396,Manistee Ave & 95th St,13,13,0,26
CHI01043,Public Rack - Austin Ave & Roscoe St,12,14,-2,26
20128,S Wentworth Ave & W 111th St,14,12,2,26
1084.0,Public Rack - Linder Ave & 64th Pl,12,13,-1,25
1231.0,Public Rack - Neenah & Archer,12,13,-1,25
CHI01605,Public Rack - Peterson Ave & Milwaukee Ave,12,13,-1,25
CHI01675,Public Rack - Wilbur Wright College South,13,12,1,25
CHI01371,Public Rack - Prairie Ave & Garfield Blvd S,11,14,-3,25
935,Public Rack - Lorel Ave & Grand Ave,12,13,-1,25
CHI01522,Public Rack - Lawndale Ave & 23rd St,12,13,-1,25
CHI01426,Public Rack - Kingston Ave & 75th St,11,14,-3,25
1201.0,Public Rack - Austin & Higgins,13,12,1,25
1105.0,Public Rack - Irving Park Rd & Parkside Ave,11,14,-3,25
885,Public Rack - Ada St & 79th St,12,13,-1,25
24341,Shields Ave & 57th St,8,17,-9,25
CHI01704,Public Rack - Kostner & Peterson,12,12,0,24
CHI01289,Public Rack - Kedzie Ave & 58th St,10,14,-4,24
859,Public Rack - Spaulding Ave & Foster Ave,12,12,0,24
CHI01429,Public Rack - Leclaire Ave & Division St,11,13,-2,24
1103.0,Public Rack - Irving Park Rd & Menard Ave,13,11,2,24
566,Public Rack - Narragansett Ave & Fullerton Ave,11,13,-2,24
CHI01051,Public Rack - Milwaukee Ave & Waveland Ave,12,12,0,24
CHI01708,Public Rack - Parkside & Elston,11,13,-2,24
832,Public Rack - Christiana Ave & Archer Ave,13,11,2,24
911,Public Rack - Emerald Ave & 43rd St,12,12,0,24
401,Kildare Ave & 47th St,8,16,-8,24
1040,Public Rack - Talman Ave & Pershing Rd,15,9,6,24
1130.0,Public Rack - Elston Ave & Gunnison St,13,11,2,24
1147.0,Public Rack - Kedvale Ave & Peterson Ave,12,12,0,24
CHI01474,Public Rack - Kostner Ave & Diversey Ave,10,14,-4,24
CHI01644,Public Rack - Odell & Talcott,12,12,0,24
CHI01311,Public Rack - Christiana Ave & 55th St,12,12,0,24
CHI01202,Public Rack - Central Ave & North Ave,12,11,1,23
CHI01095,Public Rack - Central Park Ave & Fillmore St,11,12,-1,23
1114.0,Public Rack - Montrose Ave & Lavergne Ave,12,11,1,23
CHI01566,Public Rack - Irving Park Rd & Melvina Ave,7,16,-9,23
CHI01413,Public Rack - Exchange Ave & 73rd Pl,11,12,-1,23
CHI01655,Public Rack - Lynch & Elston,8,15,-7,23
24415,Michigan Ave & 113th St,15,8,7,23
902,Public Rack - Hoyne Ave & 110th Pl,13,10,3,23
CHI01719,Public Rack - Springfield & 79th,10,13,-3,23
801,Public Rack - N Narragansett Ave & Grand Ave,11,11,0,22
CHI00727,Public Rack - Houston Ave & 131st St,9,13,-4,22
755,Public Rack - Kedzie Ave & 64th St - SE,9,13,-4,22
719,Public Rack - Ashland Ave & 76th St,10,12,-2,22
915,Public Rack - Laflin St & 51st St,13,9,4,22
CHI01223,Public Rack - Lowe Park,7,15,-8,22
24356,Halsted St & 93rd St,12,10,2,22
339,Sacramento Ave & Pershing Rd,12,10,2,22
996,Public Rack - Ashland Ave & 63rd St,10,12,-2,22
CHI01211,Public Rack - Hamlin Ave & Chicago Ave,9,13,-4,22
24418,Michigan Ave & 108th St,14,8,6,22
737,Public Rack - Chappel Ave & 71st St,10,12,-2,22
1116.0,Public Rack - Oak Park Ave & Foster Ave,11,11,0,22
CHI00985,Public Rack - Spaulding Ave & Foster Ave,11,10,1,21
927,Public Rack - Michigan Ave & 119th St,11,10,1,21
CHI01649,Public Rack - Nordica & Archer,10,11,-1,21
CHI01590,Public Rack - Elston Ave & Gunnison St,10,11,-1,21
CHI01164,Public Rack - Avenue M & 132nd St,7,14,-7,21
CHI02422,Fairbanks Ct & Erie St,7,14,-7,21
CHI01296,Public Rack - Ashland Ave & 46th St,11,10,1,21
1210.0,Public Rack - Cicero & Rosemont,11,10,1,21
CHI01071,Public Rack - N Narragansett Ave & Grand Ave,10,11,-1,21
956,Public Rack - King Dr & Oakwood Blvd,9,12,-3,21
CHI00720,Public Rack - Ozark Ave & Addison St,11,10,1,21
CHI00666,Public Rack - Lawndale Ave & Polk St,10,11,-1,21
CHI01029,Public Rack - Newcastle Ave & Belmont Ave,10,11,-1,21
1043,Public Rack - Loomis Blvd & 47th St,10,11,-1,21
1047,Public Rack - Maplewood Ave & 47th St,10,11,-1,21
CHI01645,Public Rack - Harlem & Summerdale,10,11,-1,21
403,Kildare Ave & 55th St,17,4,13,21
629,Public Rack - Michigan Ave & 96th St,16,5,11,21
690,Public Rack - Western Ave & 106th St - East,11,9,2,20
CHI00952,Public Rack - Chase Ave & Touhy Ave - NW,10,10,0,20
CHI02257,Perry St & 119th St,8,12,-4,20
533,Public Rack - Avers Ave & Ogden Ave,10,10,0,20
CHI01215,Public Rack - Hamlin Ave & Grand Ave,9,11,-2,20
CHI01716,Public Rack - Neola & Northwest Hwy,10,10,0,20
CHI01606,Public Rack - Bryn Mawr Ave & Milwaukee Ave,9,11,-2,20
1061,Public Rack - Central Park Ave & Fulton Blvd,10,10,0,20
CHI01204,Public Rack - Nordica Ave & Addison St,10,10,0,20
826,Public Rack - Harding Ave & 47th St,9,11,-2,20
1087.0,Public Rack - Sayre Ave & 59th St,10,10,0,20
973,Public Rack - Halsted St & 113th St,10,10,0,20
CHI00826,S Wentworth Ave & W 111th St,14,6,8,20
481,Public Rack - Chase Ave & Touhy Ave - NW,10,10,0,20
CHI01265,Public Rack - Legler Regional Library,10,9,1,19
24252,Lavergne Ave & 44th St,9,10,-1,19
25437,Halsted St & 119th St,11,8,3,19
819,Public Rack - Robert Fulton Elementary School,12,7,5,19
823,Public Rack - Kedzie Ave & 54th St - SE,10,9,1,19
CHI01636,Public Rack - Oketo & Northwest Hwy,9,10,-1,19
CHI01288,Public Rack - Austin Ave & Wellington Ave,10,9,1,19
922,Public Rack - 10101 S Stony Island Ave,8,11,-3,19
1149.0,Public Rack - Lemont Ave & Keating Ave,10,9,1,19
CHI01264,Public Rack - Bishop St & 46th St,9,10,-1,19
CHI00680,Public Rack - Eli Whitney Public School,8,11,-3,19
CHI01596,Public Rack - William J Onahan Public School,10,9,1,19
000-CHI01831,Kedzie Ave & Jackson Blvd,9,10,-1,19
24425,Aberdeen St & 103rd St,9,10,-1,19
CHI02401,Linder Ave & 64th,10,9,1,19
1234.0,Public Rack - Linder & 51st,9,10,-1,19
CHI01538,Public Rack - 63rd St and Nagle Ave,9,10,-1,19
522,Public Rack - Lawndale Ave & Polk St,10,9,1,19
1090.0,Public Rack - Minuteman Park,10,9,1,19
1189.0,Public Rack - Neva & Foster,9,10,-1,19
CHI00972,Public Rack - Cicero Ave & Wrightwood Ave,8,11,-3,19
568,Public Rack - Central Ave & North Ave,8,11,-3,19
CHI01100,Public Rack - Linder Ave & Archer Ave,9,9,0,18
CHI01693,Public Rack - Kostner & Bryn Mawr,9,9,0,18
1168.0,Public Rack - Hiawatha Ave & Minnehaha Ave,9,9,0,18
1069,Public Rack - Komensky Ave & 26th St,7,11,-4,18
CHI01303,Public Rack - Commercial Ave & 89th St,9,9,0,18
672,Public Rack - Buffalo Ave & 133rd St,10,8,2,18
CHI01198,Public Rack - McVicker Ave & Grand Ave,8,10,-2,18
407,Tripp Ave & 65th St,9,9,0,18
CHI00994,Public Rack - Nagle Ave & Belmont Ave,6,12,-6,18
CHI01252,Public Rack - Kildare Ave & Washignton Blvd,9,9,0,18
CHI01481,Public Rack - Fairfield Ave & 63rd St,9,9,0,18
792,Public Rack - Menard Ave & Adams Blvd,8,10,-2,18
332.0,Harding Ave & 26th St,11,7,4,18
CHI01564,Public Rack - Irving Park Rd & Austin Ave,9,9,0,18
1056,Public Rack - Sawyer Ave & Chicago Ave,7,11,-4,18
CHI00744,Public Rack - Wentworth Ave & 103rd St,8,10,-2,18
CHI01002,Public Rack - Chopin Park,8,10,-2,18
1148.0,Public Rack - Pulaski Rd & Stevens Ave,9,9,0,18
CHI01115,Public Rack - Martin Luther King Dr & 69th St,10,8,2,18
1014,Public Rack - Richmond St & Thorndale Ave,8,10,-2,18
CHI01625,Public Rack - Hiawatha Ave & Minnehaha Ave,6,11,-5,17
CHI01187,Public Rack - Halsted St & 102nd St,8,9,-1,17
CHI01020,Public Rack - Cicero Ave & Roscoe St,9,8,1,17
24353,Halsted St & 83rd St,9,8,1,17
CHI01663,Public Rack - Wentworth Park,8,9,-1,17
1020,Public Rack - Hamlin Ave & Madison St,8,9,-1,17
830,Public Rack - Pulaski & 52nd,9,8,1,17
CHI01387,Public Rack - Pullman - Planet Fitness,8,9,-1,17
CHI01270,Public Rack - Cottage Grove & 86th St,8,9,-1,17
CHI01612,Public Rack - Ozanam Ave & Devon Ave,7,10,-3,17
1188.0,Public Rack - Harlem & Summerdale,10,7,3,17
1065,Public Rack - Homan Ave & Roosevelt,9,8,1,17
615,Public Rack - Avenue J & 106th St,8,9,-1,17
679,Public Rack - Western Ave & 111th St - SW,13,4,9,17
CHI01418,Public Rack - Vincennes Ave & 77th St,8,9,-1,17
786,Public Rack - Emerald Ave & 45th St,10,7,3,17
Corral 6,Market Days Scooter Corral,10,7,3,17
764,Public Rack - Kedvale Ave & 63rd St E,7,10,-3,17
CHI01603,Public Rack - Mason Ave & Milwaukee Ave,8,9,-1,17
363.0,Tripp Ave & 15th St,10,7,3,17
CHI01530,Public Rack - 85th Pl & Pulaski Rd,8,8,0,16
CHI02338,Public Rack - Elliott Park,8,8,0,16
CHI01344,Public Rack - Racine Ave & 109th Pl,8,8,0,16
CHI01385,Public Rack - Pullman - Walmart,8,8,0,16
CHI01306,Public Rack - Halsted St & 95th St - SE,6,10,-4,16
744,Public Rack - Halsted St & 64th St,13,3,10,16
CHI00807,S Aberdeen St & W 106th St,15,1,14,16
24431,Laflin St & 115th St,8,8,0,16
975,Public Rack - Perry Ave & 111th St,7,9,-2,16
869,Public Rack - Homan Ave & 26th St,8,8,0,16
CHI00690,Public Rack - Laramie Ave & Fullerton Ave,7,9,-2,16
831,Public Rack - Kolin Ave & Archer Ave,7,9,-2,16
CHI01462,Public Rack - Ashland Ave & 63rd St,7,9,-2,16
1191.0,Public Rack - Central & Berteau,7,9,-2,16
952,Public Rack - Lake Shore Dr & Hayes Dr,8,8,0,16
CHI01577,Public Rack - Nordica Ave & Higgins Ave,8,8,0,16
891,Public Rack - Marquette Ave & 83rd St,8,8,0,16
798,Public Rack - Menard Ave & Agusta Blvd,8,8,0,16
1179.0,Public Rack - Oketo & Northwest Hwy,8,8,0,16
CHI00947,Public Rack - California Ave & Touhy Ave - NW,6,10,-4,16
727,Public Rack - Normal Ave & 72nd St,9,7,2,16
24417,State St & 111th St,10,6,4,16
918,Public Rack - Pullman Community Center,7,9,-2,16
CHI00707,Public Rack - Austin Ave & Wrightwood Ave,8,8,0,16
478,Public Rack - California Ave & Touhy Ave - SW,7,8,-1,15
CHI02341,Public Rack - Dawes Park North,7,8,-1,15
886,Public Rack - Laflin St & 79th St,7,8,-1,15
946,Public Rack - Vincennes Ave & 77th St,8,7,1,15
1166.0,Public Rack - Minnehaha Ave & Devon Ave,9,6,3,15
1078.0,Public Rack - 85th Pl & Pulaski Rd,7,8,-1,15
CHI01367,Public Rack - Hoyne Ave & 110th Pl,7,8,-1,15
626,Public Rack - Halsted St & 95th St - SW,11,4,7,15
686,Public Rack - Kedzie & 103rd St - W,11,4,7,15
741,Public Rack - The Montessori School of Englewood,9,6,3,15
667,Public Rack - Jeffery Blvd & 83rd St,8,7,1,15
936,Public Rack - Houston Ave & 130th St,8,7,1,15
790,Public Rack - Central Ave & Adams St,8,7,1,15
24440,Halsted St & 123rd St,8,7,1,15
367,Mayfield & Roosevelt Rd,9,6,3,15
1170.0,Public Rack - Ottowa Ave & Touhy Ave,7,8,-1,15
943,Public Rack - Paxton Ave & 79th St,8,7,1,15
800,Public Rack - Harriet E Sayre Public School,6,9,-3,15
538,Public Rack - Karlov Ave & 26th St,6,9,-3,15
1243.0,Public Rack - Ford City Mall,5,10,-5,15
CHI02222,Michigan Ave & 118th St,12,3,9,15
CHI01099,Public Rack - Damen Ave & 47th St,7,8,-1,15
919,Public Rack - Pullman - Walmart,6,9,-3,15
CHI01473,Public Rack - Kostner Ave & Wrightwood Ave,8,7,1,15
CHI01731,Public Rack - Central & Berteau,8,7,1,15
908,Public Rack - Normal Blvd & 61st Pl,7,8,-1,15
CHI01317,Public Rack - Lafayette Ave & 87th St - NW,6,9,-3,15
1190.0,Public Rack - Neenah & Dakin,7,7,0,14
1060,Public Rack - Homan Ave & Lake St,8,6,2,14
1042,Public Rack - Laflin St &51st ST,7,7,0,14
CHI01159,Public Rack - Torrence Ave & 98th St,8,6,2,14
1117.0,Public Rack - Nordica Ave & Higgins Ave,8,6,2,14
CHI01487,Public Rack - Pulaski Rd & 65th St,6,8,-2,14
760,Public Rack - Kedzie Ave & 64th St - SW,6,8,-2,14
851,Public Rack - Kostner Ave & Lake St,6,8,-2,14
CHI01369,Public Rack - Walden Pkwy & 99th St,7,7,0,14
CHI01390,Public Rack - Torrence Ave & 103rd St,7,7,0,14
CHI01624,Public Rack - Leoti Ave & Central Ave (south),7,7,0,14
CHI00749,Public Rack - Oglesby Ave & 95th St,7,7,0,14
CHI01116,Public Rack - Peoria St & 60th St,6,8,-2,14
371,Kildare Ave & Chicago Ave,12,2,10,14
CHI01658,Public Rack - Parkside & Archer,7,7,0,14
CHI01142,Public Rack - Midway Orange Line,8,6,2,14
1086.0,Public Rack - 63rd St and Nagle Ave,6,8,-2,14
CHI00667,Public Rack - Pulaski Rd & Roosevelt Rd,6,8,-2,14
839,Public Rack - Kedzie Ave & Pershing Rd,7,7,0,14
CHI01257,Public Rack - Harriet E Sayre Public School,6,8,-2,14
CHI01206,Public Rack - Ewing Ave & 99th St,7,7,0,14
CHI01182,Public Rack - Racine Ave & 74th St,5,9,-4,14
1154.0,Public Rack - Ozanam Ave & Devon Ave,6,7,-1,13
Corral 16,LaSalle St & Washington St Corral S,7,6,1,13
949,Public Rack - Kingston Ave & 75th St,6,7,-1,13
24430,Eggleston Ave & 111th St,7,6,1,13
816,Public Rack - State St & 47th st,7,6,1,13
532,Public Rack - Central Park Ave & Ogden Ave,4,9,-5,13
CHI01274,Public Rack - Keeler Ave & 26th St,6,7,-1,13
CHI01687,Public Rack - Linder & 51st,4,9,-5,13
CHI01281,Public Rack - Cottage Grove & 84th St,7,6,1,13
CHI01052,Public Rack - Rockwell & 111th St,7,6,1,13
890,Public Rack - Colfax Ave & 83rd St,10,3,7,13
526,Public Rack - Legler Regional Library,6,7,-1,13
CHI01533,Public Rack - Rockwell Ave & 71st St,6,7,-1,13
CHI00759,Public Rack - Mackinaw Ave & 108th St,6,7,-1,13
581,Public Rack - Baltimore Ave & 133rd St,8,5,3,13
1215.0,Public Rack - Avers & Granville,6,7,-1,13
1193.0,Public Rack - Neola & Northwest Hwy,6,7,-1,13
934,Public Rack - Kostner Ave & 16th St,7,6,1,13
691,Public Rack - Western Ave & 105th St,7,6,1,13
1017,Public Rack - Foster Ave & Drake Ave,6,7,-1,13
CHI02400,Leamington Ave & 63rd Pl,7,6,1,13
CHI01210,Public Rack - Menard Ave & Adams Blvd,5,8,-3,13
734,Public Rack - South Shore High School,7,6,1,13
CHI01702,Public Rack - Cicero & Rosemont,6,7,-1,13
CHI01725,Public Rack - S. New England/ W. 65th,6,7,-1,13
368.0,Tripp Ave & 31st St,7,6,1,13
CHI02411,Humboldt Park Allstate Field,4,9,-5,13
912,Public Rack - Halsted St & 41st St,6,7,-1,13
CHI01517,Public Rack - Homan Ave & Roosevelt,5,8,-3,13
1097.0,Public Rack - Meade Ave & Archer Ave,5,8,-3,13
302,Lamon Ave & Chicago Ave,5,7,-2,12
CHI01622,Public Rack - Devon Ave & Central Ave,6,6,0,12
CHI01611,Public Rack - Pratt Ave & Odell Ave,6,6,0,12
CHI01608,Public Rack - Pulaski Rd & Stevens Ave,6,6,0,12
CHI01589,Public Rack - Elston Ave & Kenneth Ave,6,6,0,12
CHI01499,Public Rack - Hoyne Ave & 51st St,4,8,-4,12
799,Public Rack - Newcastle Ave & Belden Ave,6,6,0,12
842,Public Rack - Ashland Ave & 46th St,6,6,0,12
CHI01297,Public Rack - Kedzie Ave & Archer Ave,6,6,0,12
CHI01463,Public Rack - Michigan Ave & 67th St,6,6,0,12
1162.0,Public Rack - Leoti Ave & Central Ave (north),6,6,0,12
CHI01021,Public Rack - Menard Ave & Agusta Blvd,6,6,0,12
CHI00996,Public Rack - Halsted St & 95th St - SW,6,6,0,12
717,Public Rack - Mackinaw Ave & 85th St,7,5,2,12
1089.0,Public Rack - Normandy Ave & Archer Ave,6,6,0,12
1099.0,Public Rack - Leland Ave & Melvina Ave,6,6,0,12
1169.0,Public Rack - Brooks Park,6,6,0,12
329.0,Central Park Ave & Douglas Blvd,6,6,0,12
762,Public Rack - Kenneth Ave & 63rd St W,6,6,0,12
840,Public Rack - Marshfield Ave & 45th St,6,6,0,12
24410,State St & 127th St,5,7,-2,12
CHI01660,Public Rack - Neenah & Archer,5,7,-2,12
887,Public Rack - Halsted St & 80th St,7,5,2,12
CHI01493,Public Rack - Kedzie Ave & 61st Pl W,6,6,0,12
CHI01494,Public Rack - Talman Ave & Pershing Rd,6,6,0,12
CHI01705,Public Rack - Leader & Caldwell,6,6,0,12
986,Public Rack - Clyde Ave & 87th St,11,1,10,12
CHI01406,Public Rack - Stony Island & 87th St,6,6,0,12
1135.0,Public Rack - Higgins Ave & Neva Ave,5,7,-2,12
1173.0,Public Rack - Octavia Ave & Touhy Ave,5,7,-2,12
CHI01040,Public Rack - Brandon Ave & 91st St,6,6,0,12
709,Public Rack - Halsted St & 94th St,6,6,0,12
619,Public Rack - Vincennes Ave & 95th St,5,6,-1,11
CHI01382,Public Rack - Wood St & 47th St,4,7,-3,11
1093.0,Public Rack - 61st St & Melvina Ave,7,4,3,11
710,Public Rack - Lafayette Ave & 87th St - NW,4,7,-3,11
785,Public Rack - Princeton Ave & 43rd St,4,7,-3,11
CHI01435,Public Rack - Lawndale Ave & 63rd St,5,6,-1,11
825,Public Rack - Kedzie Ave & 54th St - SW,6,5,1,11
829,Public Rack - Pulaski Rd & 51st Rd,6,5,1,11
835,Public Rack - Pulaski Rd & 41st,3,8,-5,11
CHI01623,Public Rack - Minnehaha Ave & Devon Ave,5,6,-1,11
1136.0,Public Rack - William J Onahan Public School,3,8,-5,11
CHI01013,Public Rack - Newcastle Ave & Belden Ave,5,6,-1,11
920,Public Rack - Pullman - Ross Dress for Less,6,5,1,11
CHI01286,Public Rack - Al Raby School,5,6,-1,11
940,Public Rack - Stony Island & 87th St,5,6,-1,11
CHI01178,Public Rack - Langley Ave & 79th St,6,5,1,11
24411,Parnell Ave & 127th St,7,4,3,11
CHI01260,Public Rack - 2302 S Pulaski Rd,5,6,-1,11
CHI00686,Public Rack - Linder Ave & Belmont Ave,5,6,-1,11
CHI01607,Public Rack - Kedvale Ave & Peterson Ave,5,6,-1,11
CHI01184,Public Rack - Kolin Ave & Archer Ave,6,5,1,11
676,Public Rack - Trumbull Ave & 111th St,6,5,1,11
24409,Indiana Ave & 133rd St,4,7,-3,11
CHI01074,Public Rack - Wabash Ave & 87th St,5,6,-1,11
1264.0,Public Rack - Homan & 79th,6,5,1,11
CHI01492,Public Rack - Kedzie Ave & 62nd Pl,6,5,1,11
1165.0,Public Rack - Devon Ave & Central Ave,6,5,1,11
CHI00993,Public Rack - Oketo Ave & Belmont Ave,4,6,-2,10
CHI01350,Public Rack - East End Ave & 87th St,5,5,0,10
739,Public Rack - 63rd & Western Ave N,4,6,-2,10
1081.0,Public Rack - Rockwell Ave & 71st St,5,5,0,10
683,Public Rack - Western Ave & 116th St,5,5,0,10
366.0,Spaulding Ave & 16th St,8,2,6,10
687,Public Rack - Mt Greenwood Library - South,6,4,2,10
CHI01454,Public Rack - Western Ave & 110th St,5,5,0,10
640,Public Rack - Morgan St & 87th St,5,5,0,10
CHI01630,Public Rack - Octavia Ave & Touhy Ave,4,6,-2,10
879,Public Rack - Cottage Grove Ave & 89th Pl,5,5,0,10
828,Public Rack - Archer Park,3,7,-4,10
CHI01595,Public Rack - Higgins Ave & Neva Ave,5,5,0,10
811,Public Rack - Nordica Ave & Addison St,5,5,0,10
989,Public Rack - 10557 S Western Ave,7,3,4,10
CHI00990,Public Rack - Menard Ave & Grand Ave,5,5,0,10
CHI00995,Public Rack - Vincennes Ave & 87th St,4,6,-2,10
CHI00997,Public Rack - Langley Ave & 105th Pl,4,6,-2,10
CHI01220,Public Rack - Bell Ave & 95th St,4,6,-2,10
CHI01275,Public Rack - Kedzie Ave & 54th St - SE,4,6,-2,10
1096.0,Public Rack - Austin Ave & Archer Ave,6,4,2,10
685,Public Rack - Kedzie & 103rd St - East,5,5,0,10
476,Public Rack - Francisco Ave & Touhy Ave,5,5,0,10
1144.0,Public Rack - Miami Ave & Milwaukee Ave,5,5,0,10
1167.0,Public Rack - Leoti Ave & Central Ave (south),5,5,0,10
CHI01393,Public Rack - Michigan Ave & 119th St,5,5,0,10
496,Public Rack - Kedvale Ave & Avondale Ave,4,6,-2,10
898,Public Rack - Western Ave & 111th St - SE,7,3,4,10
CHI01631,Public Rack - Osceola Ave & Touhy Ave,4,6,-2,10
CHI01597,Public Rack - Nina Ave & Avondale Ave,5,5,0,10
CHI00971,Public Rack - Hamilton Ave & 95th St,4,6,-2,10
CHI01715,Public Rack - Austin & Higgins,4,6,-2,10
CHI01179,Public Rack - Cottage Grove Ave & 92nd St,5,5,0,10
1174.0,Public Rack - Osceola Ave & Touhy Ave,5,5,0,10
CHI01453,Public Rack - Western Ave & 107th St,5,5,0,10
CHI01121,Public Rack - Cicero Ave & Altgeld St,4,6,-2,10
CHI01033,Public Rack - Laramie Ave & Warwick Ave,4,6,-2,10
CHI01461,Public Rack - King Dr & 71st St,4,5,-1,9
677,Public Rack - Rockwell & 111th St,2,7,-5,9
CHI00945,Public Rack - California Ave & Touhy Ave - midblock,4,5,-1,9
CHI01323,Public Rack - Wood St & 103rd St,3,6,-3,9
CHI01373,Public Rack - Normal Blvd & 61st Pl,5,4,1,9
CHI01127,Public Rack - Piotrowski Park,4,5,-1,9
774,Public Rack - Christiana Ave & 55th St,5,4,1,9
CHI01378,Public Rack - Halsted St & 41st St,4,5,-1,9
24433,Eggleston Ave & 115th St,4,5,-1,9
CHI01391,Public Rack - Bensley Ave & 103rd St,5,4,1,9
703,Public Rack - Marshfield Ave & 87th St,5,4,1,9
CHI01727,Public Rack - Pulaski & 74th,5,4,1,9
921,Public Rack - Pullman - Planet Fitness,6,3,3,9
982,Public Rack - Ewing Ave & 95th St,4,5,-1,9
CHI01347,Public Rack - Maryland Ave & 87th ST,4,5,-1,9
1037,Public Rack - Homan Ave & 62nd Pl,4,5,-1,9
701,Public Rack - Stony Island & 95th St,4,5,-1,9
791,Public Rack - Mason Ave & Roosevelt Rd,5,4,1,9
CHI01400,Public Rack - Kostner Ave & 16th St,4,5,-1,9
978,Public Rack - Ave N & 106th St,5,4,1,9
824,Public Rack - Avers Ave & Archer Ave,4,5,-1,9
CHI01138,Public Rack - Kedvale Ave & 63rd St E,5,4,1,9
769,Public Rack - Peoria St & 60th St,7,2,5,9
664,Public Rack - Cottage Grove & 84th St,3,6,-3,9
CHI00668,Public Rack - Kedzie Ave & Arthington St,4,5,-1,9
1241.0,Public Rack - Harlem and W. 59th,3,6,-3,9
692,Public Rack - Western Ave & 104th St - East,6,3,3,9
CHI00988,Public Rack - Stony Is Ave & 73rd St,4,5,-1,9
1252.0,Public Rack - Troy & 71st,4,5,-1,9
853,Public Rack - Keeler Ave & Madison St S,6,3,3,9
301,Monticello Ave & Chicago Ave,6,3,3,9
617,Public Rack - Morgan St & 95th St,7,2,5,9
889,Public Rack - Ingleside Ave & 79th St,5,4,1,9
1281.0,Public Rack - Wilbur Wright College North,4,5,-1,9
1184.0,Public Rack - Ozman & Talcott,4,5,-1,9
977,Public Rack - Halsted St & 109th St,4,5,-1,9
735,Public Rack - Stony Is Ave & 73rd St,5,4,1,9
1068,Public Rack - Kedvale Ave & 26th St,6,3,3,9
1038,Public Rack - Kedzie Ave & 62nd Pl,5,4,1,9
699,Public Rack - Cottage Grove Ave & 98th St,4,4,0,8
CHI01602,Public Rack - Haft Ave & Milwaukee Ave,2,6,-4,8
CHI01534,Public Rack - 63rd St and Natoma Ave,4,4,0,8
CHI01518,Public Rack - St Louis Ave & Flournoy St,4,4,0,8
CHI01401,Public Rack - Lorel Ave & Grand Ave,4,4,0,8
CHI01108,Public Rack - Ashland Ave & 76th St,4,4,0,8
CHI00800,Public Rack - Jeffery Blvd & 83rd St,4,4,0,8
1232.0,Public Rack - Rutherford & 53rd,4,4,0,8
1254.0,Public Rack - Springfield & 71st,4,4,0,8
305,Menard Ave & Division St,5,3,2,8
901,Public Rack - Hale Ave & 111th St,3,5,-2,8
1063,Public Rack - Independence Blvd & Roosevelt,4,4,0,8
698,Public Rack - Bell Ave & 95th St,5,3,2,8
818,Public Rack - Back of the Yards Park,4,4,0,8
CHI01521,Public Rack - Komensky Ave & 26th St,3,5,-2,8
1045,Public Rack - Hoyne Ave & 51st St,5,3,2,8
338,California Ave & 36th St,6,2,4,8
1233.0,Public Rack - McVicker & 52nd,4,4,0,8
628,Public Rack - Abbott Park,6,2,4,8
307,Leamington Ave & Hirsch St,2,6,-4,8
772,Public Rack - Kedzie Ave & 61st Pl E,3,5,-2,8
CHI01312,Public Rack - Homan Ave & 26th St,3,5,-2,8
25429,Major Taylor Trail & 111th St,2,6,-4,8
CHI01732,Public Rack - Western & 79th,5,3,2,8
CHI01599,Public Rack - Northwest Hwy & Raven St,4,4,0,8
CHI01342,Public Rack - Halsted St & 111th St,4,4,0,8
CHI01604,Public Rack - Miami Ave & Milwaukee Ave,4,4,0,8
CHI01102,Public Rack - State St & 47th st,3,5,-2,8
1066,Public Rack - St Louis Ave & Flournoy St,3,5,-2,8
746,Public Rack - Martin Luther King Dr & 69th St,4,4,0,8
603,Public Rack - Harvard Ave & 103rd St,4,4,0,8
1185.0,Public Rack - W. Talcott & N. Oriole,4,4,0,8
1027,Public Rack - Fairfield Ave & 63rd St,4,4,0,8
854,Public Rack - Sacramento Blvd & Washington Blvd,4,4,0,8
613,Public Rack - Ewing Ave & 105th St,3,5,-2,8
609,Public Rack - Calumet Ave & 103rd St,3,5,-2,8
993,Public Rack - Ashland Ave & 83rd St,3,4,-1,7
CHI01169,Public Rack - Central Ave & George St,3,4,-1,7
CHI01383,Public Rack - Ada St & 119th St,3,4,-1,7
796,Public Rack - Waller Ave & Chicago Ave,3,4,-1,7
CHI01483,Public Rack - Maplewood Ave & 63rd St,3,4,-1,7
820,Public Rack - Western Blvd & 53rd St,3,4,-1,7
773,"Public Rack - Senka ""Edward Duke"" Park",4,3,1,7
783,Public Rack - California Ave & Pershing Rd,2,5,-3,7
CHI01054,Public Rack - Sawyer Ave & 111th St,3,4,-1,7
1067,Public Rack - Pulaski Rd & Grenshaw St,3,4,-1,7
780,Public Rack - Lamon Ave & Archer Ave,4,3,1,7
784,Public Rack - Brighton Park Branch Chicago Library,4,3,1,7
CHI01555,Public Rack - Mobile Ave & Archer Ave,3,4,-1,7
CHI01084,Public Rack - Newland Ave & Diversey Ave,3,4,-1,7
1256.0,Public Rack - Springfield & 79th,3,4,-1,7
663,Public Rack - Cottage Grove & 85th St,2,5,-3,7
731,Public Rack - Paul Revere Elementary School,4,3,1,7
990,Public Rack - Western Ave & 107th Pl,3,4,-1,7
965,Public Rack - Fullerton Ave & Lavergne Ave,3,4,-1,7
1228.0,Public Rack - S. New England/ W. 65th,3,4,-1,7
689,Public Rack - Albany Ave & 103rd St,2,5,-3,7
CHI01652,Public Rack - Wrightwood Metra Station,3,4,-1,7
CHI01250,Public Rack - Mackinaw Ave & 106th St,3,4,-1,7
CHI00979,Public Rack - S Kostner Ave & W 18th Pl,2,5,-3,7
1164.0,Public Rack - Devon Ave & Kinzua Ave,3,4,-1,7
CHI01232,Public Rack - Robert Fulton Elementary School,2,5,-3,7
812,Public Rack - Lake Park Ave & 47th St,2,5,-3,7
CHI01065,Public Rack - Kedzie & 103rd St - W,3,4,-1,7
CHI01331,Public Rack - Albany Ave & 63rd St,4,3,1,7
618,Public Rack - Vincennes Ave & 95th Pl,3,4,-1,7
CHI01443,Public Rack - Halsted St & 109th St,3,4,-1,7
1248.0,Public Rack - Sacramento & 71st,3,4,-1,7
845,Public Rack - Ashland Ave & 45th St  S,3,4,-1,7
CHI01365,Public Rack - Western Ave & 118th St,3,4,-1,7
CHI01469,Public Rack - Richmond St & Thorndale Ave,3,4,-1,7
CHI01556,Public Rack - Austin Ave & Archer Ave,2,5,-3,7
CHI01298,Public Rack - Kedzie Ave & 63rd St,3,4,-1,7
CHI01552,Public Rack - 56th St & Mulligan Ave,4,3,1,7
1143.0,Public Rack - Mason Ave & Milwaukee Ave,4,3,1,7
763,Public Rack - Kildare Ave & 63rd St,2,5,-3,7
CHI02209,Aberdeen St & 106th St,2,4,-2,6
804,Public Rack - Newcastle Ave & Wellington Ave,4,2,2,6
CHI01700,Public Rack - Harlem and W. 59th,3,3,0,6
1016,Public Rack - Peterson Ave & Bernard Ave,4,2,2,6
961,Public Rack - Pulaski Rd & Lexington St,2,4,-2,6
1041,Public Rack - Throop St & 48t ST,3,3,0,6
CHI01642,Public Rack - W. Talcott & N. Oriole,3,3,0,6
1238.0,Public Rack - Austin & 62nd,3,3,0,6
CHI01736,Public Rack - Newcastle & Archer,3,3,0,6
794,Public Rack - Austin Branch Chicago Public Library,3,3,0,6
1261.0,Public Rack - St Louis & 83rd,3,3,0,6
CHI01125,Public Rack - Cottage Grove Ave & 98th St,3,3,0,6
945,Public Rack - Crandon Ave & 80th St,3,3,0,6
529,Public Rack - Franklin Park,2,4,-2,6
CHI01153,Public Rack - Mason Ave & Roosevelt Rd,3,3,0,6
CHI01653,Public Rack - Wilbur Wright College North,3,3,0,6
CHI01345,Public Rack - Green St & 103rd St,3,3,0,6
867,Public Rack - Grand Ave & North Ave,2,4,-2,6
CHI00687,Public Rack - Cicero Ave & Wellington Ave,3,3,0,6
CHI01668,Public Rack - Pulaski & 84th,3,3,0,6
CHI01621,Public Rack - Devon Ave & Kinzua Ave,3,3,0,6
CHI01626,Public Rack - Brooks Park,3,3,0,6
656,Public Rack - West Chatham Park,3,3,0,6
1159.0,Public Rack - Devon Ave & Minnehaha Ave (east),2,4,-2,6
888,Public Rack - Aida Food Market,3,3,0,6
CHI01516,Public Rack - Lawndale Ave & Roosevelt,3,3,0,6
CHI01353,Public Rack - Laflin St & 79th St,2,4,-2,6
CHI00998,Public Rack - Western Ave & 104th St - West,2,4,-2,6
CHI01291,Public Rack - Pulaski & 52nd,3,3,0,6
987,Public Rack - Western Ave & 107th St,2,4,-2,6
589,Public Rack - Lafayette Ave & 119th St,2,4,-2,6
802,Public Rack - N Sayre Ave & W Belden Ave,3,3,0,6
1035,Public Rack - Western Ave & 62nd St,3,3,0,6
CHI01456,Public Rack - Western Ave & 107th Pl,2,4,-2,6
CHI01384,Public Rack - Pullman Community Center,1,5,-4,6
CHI01083,Public Rack - Karlov Ave & 26th St,2,4,-2,6
CHI01421,Public Rack - Central Park Ave & 16th St,3,3,0,6
CHI01639,Public Rack - Cumberland & Catherine,4,2,2,6
1024,Public Rack - May St & 87th St,3,3,0,6
CHI01459,Public Rack - Ashland Ave & 83rd St,3,3,0,6
1101.0,Public Rack - Menard Ave & Leland Ave,3,3,0,6
CHI01319,Public Rack - Marshfield Ave & 87th St,3,3,0,6
CHI01619,Public Rack - Leoti Ave & Central Ave (north),3,3,0,6
1034,Public Rack - Kenneth Ave & 63rd St E,3,3,0,6
CHI01282,Public Rack - Western Ave & 106th St - East,3,3,0,6
980,Public Rack - Ewing Ave & 106th St,3,3,0,6
1044,Public Rack - Western Blvd & 52nd St,3,3,0,6
CHI01155,Public Rack - Pulaski Rd & 15th St,2,4,-2,6
CHI01609,Public Rack - Lemont Ave & Keating Ave,2,4,-2,6
375,Long Ave & North Ave,4,2,2,6
899,Public Rack - Longwood Dr & 111th St,3,3,0,6
25498,Le Mai Ave & Devon Ave,2,4,-2,6
868,Public Rack - Kildare Ave & Division Ave,4,2,2,6
905,Public Rack - Yates Blvd & Exchange Ave,4,2,2,6
CHI00792,Public Rack - Cottage Grove & 85th St,3,3,0,6
708,Public Rack - Lowe Ave & 94th St,3,3,0,6
CHI01366,Public Rack - Hale Ave & 111th St,4,2,2,6
896,Public Rack - Troy & 111th St,3,3,0,6
838,Public Rack - Piotrowski Park,3,3,0,6
CHI01476,Public Rack - Pulaski Rd & Flournoy St,2,4,-2,6
711,Public Rack - Lafayette Ave & 87th St SW,3,3,0,6
809,Public Rack - Newcastle Ave & Belmont Ave,3,3,0,6
CHI01496,Public Rack - Laflin St &51st ST,1,5,-4,6
960,Public Rack - Pulaski Rd & 5th Ave,3,3,0,6
846,Public Rack - Buffalo Ave & 89th St,3,3,0,6
CHI01651,Public Rack - Columbus & 79th,1,4,-3,5
CHI01682,Public Rack - S Menard & W 63rd,2,3,-1,5
998,Public Rack - Marquette Rd & 67th St,2,3,-1,5
985,Public Rack - Langley Ave & 87th St,2,3,-1,5
747,Public Rack - Keef Ave & South Chicago Ave,2,3,-1,5
925,Public Rack - Bensley Ave & 103rd St,2,3,-1,5
883,Public Rack - East End Ave & 87th St,2,3,-1,5
730,Public Rack - Cottage Grove Ave & 75th St,2,3,-1,5
1071,Public Rack - Ashland Ave & 74th St,4,1,3,5
1023,Public Rack - Brainerd Park,3,2,1,5
966,Public Rack - Laporte Ave & Armitage Ave,3,2,1,5
939,Public Rack - Vincennes Ave & 91st St,1,4,-3,5
880,Public Rack - Maryland Ave & 87th ST,3,2,1,5
827,Public Rack - Strohacker Park,3,2,1,5
803,Public Rack - Newland Ave & Diversey Ave,3,2,1,5
CHI00827,Indiana Ave & 133rd St Public Rack,5,0,5,5
728,Public Rack - Calumet Ave & 71st St,3,2,1,5
969,Public Rack - Lamon Ave & Erie St,3,2,1,5
997,Public Rack - Michigan Ave & 67th St,3,2,1,5
CHI00783,Public Rack - Rhodes Ave & 79th St,2,3,-1,5
645,Public Rack - Tuley (Murray) Park,3,2,1,5
681,Public Rack - Western Ave & 111th St - NW,2,3,-1,5
CHI01355,Public Rack - Aida Food Market,3,2,1,5
CHI01128,Public Rack - Marshfield Ave & 45th St,2,3,-1,5
CHI01130,Public Rack - Lake Park Ave & 44th St,2,3,-1,5
1094.0,Public Rack - Mason Ave & Archer Ave,3,2,1,5
CHI01259,Public Rack - Ashland Ave & 45th St  S,2,3,-1,5
CHI01295,Public Rack - Western Ave & 111th St - NW,2,3,-1,5
CHI01304,Public Rack - Michigan Ave & 96th St,2,3,-1,5
CHI01292,Public Rack - Indiana Ave & 111th St,2,3,-1,5
CHI01709,Public Rack - Lavergne & Lawrence,3,2,1,5
CHI01549,Public Rack - Normandy Ave & Archer Ave,2,3,-1,5
CHI01553,Public Rack - 61st St & Melvina Ave,2,3,-1,5
CHI01160,Public Rack - N Sayre Ave & W Belden Ave,3,2,1,5
CHI01436,Public Rack - Jeffery Blvd & 81st St,3,2,1,5
CHI01224,Public Rack - Back of the Yards Park,2,3,-1,5
20241.1,Steelworkers Park (Updated),5,0,5,5
1255.0,Public Rack - Pulaski & 74th,2,3,-1,5
1246.0,Public Rack - California & 71st,2,3,-1,5
733,Public Rack - East End Ave & 75th St,3,2,1,5
CHI01520,Public Rack - Kedvale Ave & 26th St,3,2,1,5
CHI01107,Public Rack - Albany Ave & 103rd St,2,3,-1,5
756,Public Rack - Albany Ave & 63rd St,2,3,-1,5
758,Public Rack - Washtenaw Ave & 63rd St,2,3,-1,5
864,Public Rack - Kedvale Ave & Addison St,1,4,-3,5
CHI01491,Public Rack - Homan Ave & 62nd Pl,2,3,-1,5
807,Public Rack - New England Ave & Grace St,2,3,-1,5
521,Public Rack - Al Raby School,3,2,1,5
CHI01434,Public Rack - Pulaski Rd & 5th Ave,2,3,-1,5
1079.0,Public Rack - Kedzie Ave & 83rd St,2,3,-1,5
CHI01409,Public Rack - Halsted St & 113th St,2,3,-1,5
942,Public Rack - Saginaw Ave & 93rd St,2,3,-1,5
878,Public Rack - Green St & 103rd St,3,2,1,5
1266.0,Public Rack - California & 87th,2,3,-1,5
907,Public Rack - Calumet Ave & Garfield Blvd,3,2,1,5
787,Public Rack - Lake Park Ave & 44th St,2,3,-1,5
1025,Public Rack - Sangamon St & 87th St,3,2,1,5
941,Public Rack - Cornell Ave & 87th Pl,3,2,1,5
CHI01332,Public Rack - Racine Ave & 76th,1,4,-3,5
CHI01439,Public Rack - Fullerton Ave & Lavergne Ave,3,2,1,5
959,Public Rack - 53rd St & Indiana Ave,2,3,-1,5
304,Lavergne Ave & Division St,4,1,3,5
1272.0,Public Rack - Damen & 81st,2,3,-1,5
834,Public Rack - Pulaski Rd & 40th St,3,2,1,5
1237.0,Public Rack - Mason & Archer,2,3,-1,5
1163.0,Public Rack - Devon Ave & Minnehaha Ave (west),2,2,0,4
CHI01192,Public Rack - Kildare Ave & 63rd St,2,2,0,4
477,Public Rack - California Ave & Touhy Ave - midblock,2,2,0,4
917,Public Rack - Ada St & 119th St,2,2,0,4
CHI01240,Public Rack - Kedvale Ave & Addison St,2,2,0,4
CHI01720,Public Rack - Troy & 71st,2,2,0,4
675,Public Rack - Sawyer Ave & 111th St,2,2,0,4
CHI01692,Public Rack - Kedzie & 73rd,2,2,0,4
630,Public Rack - Michigan Ave & 102nd St,2,2,0,4
CHI02345,Honore St & 71st St,1,3,-2,4
CHI01529,Public Rack - 83rd Pl & Kedzie Ave N,2,2,0,4
1030,Public Rack - Lawndale & 63rd St,2,2,0,4
CHI01557,Public Rack - Meade Ave & Archer Ave,2,2,0,4
CHI01334,Public Rack - Cottage Grove Ave & 111th St,2,2,0,4
CHI01262,Public Rack - Orville T Bright School,2,2,0,4
CHI01308,Public Rack - Lowe Ave & 94th St,2,2,0,4
CHI00949,Public Rack - Sacramento Ave & Greenleaf Ave,2,2,0,4
CHI00983,Public Rack - Ashland Ave & 45th St,2,2,0,4
CHI00982,Public Rack - Kedzie Ave & 61st Pl E,2,2,0,4
CHI00975,Public Rack - Western Ave & 111th St - SW,2,2,0,4
1075.0,Public Rack - 83rd Pl & Kedzie Ave S,2,2,0,4
CHI01056,Public Rack - Halsted St & 64th St,2,2,0,4
CHI01103,Public Rack - Avenue J & 106th St,2,2,0,4
884,Public Rack - Bishop St & 81st St,2,2,0,4
795,Public Rack - Menard Ave & Madison St,2,2,0,4
484,Public Rack - Sacramento Ave & Greenleaf Ave,2,2,0,4
CHI01059,Public Rack - Wentworth Ave & 79th St,2,2,0,4
740,Public Rack - William Rainey Harper High School,2,2,0,4
723,Public Rack - May St & 78th St,2,2,0,4
892,Public Rack - Baker Ave & 863rd Pl,1,3,-2,4
712,Public Rack - Hermitage & 83rd St,2,2,0,4
CHI00673,Public Rack - Central Park Ave & Ogden Ave,1,3,-2,4
CHI00944,Public Rack - Francisco Ave & Touhy Ave,2,2,0,4
CHI01432,Public Rack - Normal Ave & 111th St,2,2,0,4
668,Public Rack - Marquette Ave & 79th St,2,2,0,4
CHI00989,Public Rack - East End Ave & 75th St,2,2,0,4
678,Public Rack - Albany Ave & 111th St - NW,1,3,-2,4
CHI01189,Public Rack - Western Ave & 116th St,2,2,0,4
666,Public Rack - Stony Island Ave & 86th St,2,2,0,4
1039,Public Rack - Kedzie Ave & 61st Pl W,2,2,0,4
641,Public Rack - Loomis St & 87th St,2,2,0,4
779,Public Rack - Keeler Ave & 55th St,2,2,0,4
CHI01154,Public Rack - Kilbourn Ave & Fullerton Ave,2,2,0,4
732,Public Rack - James Madison School,3,1,2,4
CHI01068,Public Rack - Ashland Ave & 73rd St,0,4,-4,4
865,Public Rack - Kilbourn Ave & Fullerton Ave,2,2,0,4
781,Public Rack - Linder Ave & 51st St,2,2,0,4
1245.0,Public Rack - Artesian & 71st,2,2,0,4
944,Public Rack - Jeffery Blvd & 81st St,2,2,0,4
748,Public Rack - Park Manor Elementary School,2,2,0,4
CHI01618,Public Rack - Kinzua Ave & Devon Ave,2,2,0,4
967,Public Rack - La Moyne Ave and Leamington Ave,1,3,-2,4
CHI00726,Public Rack - Baltimore Ave & 132nd St,2,2,0,4
635,Public Rack - Avenue J & 102nd St,3,1,2,4
CHI00709,Public Rack - Harvey Ave & North Ave,2,2,0,4
1263.0,Public Rack - Columbus & 79th,0,4,-4,4
1138.0,Public Rack - Normandy Ave & Raven St,3,1,2,4
992,Public Rack - Western Ave & 98th St,2,2,0,4
CHI01162,Public Rack - Austin Branch Chicago Public Library,2,2,0,4
910,Public Rack - Wolcott Ave & 56th St,3,1,2,4
1139.0,Public Rack - Northwest Hwy & Raven St,1,3,-2,4
CHI01152,Public Rack - Buffalo Ave & 89th St,2,2,0,4
725,Public Rack - Hamilton Park,2,2,0,4
CHI01263,Public Rack - Corliss Ave & 103rd St,1,3,-2,4
CHI01325,Public Rack - Calumet Ave & 71st St,1,3,-2,4
614,Public Rack - Mackinaw Ave & 106th St,2,2,0,4
1251.0,Public Rack - Kedzie & 71st,2,2,0,4
CHI01444,Public Rack - Ave N & 106th St,2,2,0,4
718,Public Rack - Claremont Ave & 71st St,2,2,0,4
726,Public Rack - Halsted St & 77th St,1,3,-2,4
1050,Public Rack - Kedzie Ave & 54th Pl,2,2,0,4
CHI01328,Public Rack - Pulaski Rd & 41st,2,2,0,4
CHI02362,Hastings Test Station,3,1,2,4
CHI01478,Public Rack - Brainerd Park,2,2,0,4
CHI01057,Public Rack - Racine Ave & 83rd St,2,2,0,4
CHI01126,Public Rack - Stony Island & 95th St,3,1,2,4
994,Public Rack - Prairie Ave & 78th St,3,1,2,4
CHI01123,Public Rack - Lamon Ave & Archer Ave,1,3,-2,4
CHI01375,Public Rack - Wolcott Ave & 61st St,2,2,0,4
CHI01362,Public Rack - Homewood Ave & Monterey Ave,2,2,0,4
1098.0,Public Rack - New England Ave & Irving Park Rd,2,2,0,4
CHI01094,Public Rack - 63rd & Western Ave N,2,2,0,4
CHI01479,Public Rack - May St & 87th St,2,2,0,4
CHI01431,Public Rack - Pulaski Rd & Polk St,1,3,-2,4
CHI01437,Public Rack - Crandon Ave & 80th St,2,2,0,4
CHI01405,Public Rack - Vincennes Ave & 91st St,2,2,0,4
738,Public Rack - 63rd & Western Ave S,2,2,0,4
759,Public Rack - Springfield Ave & 63rd St,1,3,-2,4
578,Public Rack - Oleander Ave & Addison St,1,2,-1,3
CHI01686,Public Rack - Damen & 87th,1,2,-1,3
CHI01386,Public Rack - Pullman - Ross Dress for Less,1,2,-1,3
CHI01354,Public Rack - Halsted St & 80th St,1,2,-1,3
CHI01614,Public Rack - Northwest Hwy & Overhill Ave,2,1,1,3
CHI01368,Public Rack - Western Ave & 106th St - West,1,2,-1,3
591,Public Rack - Eggleston Ave & 114th St,1,2,-1,3
CHI01601,Public Rack - Holbrook St & Milwaukee Ave,2,1,1,3
CHI01388,Public Rack - 10101 S Stony Island Ave,2,1,1,3
CHI01230,Public Rack - Avers Ave & Archer Ave,1,2,-1,3
CHI01090,Public Rack - May St & 78th St,1,2,-1,3
CHI01346,Public Rack - Cottage Grove Ave & 89th Pl,1,2,-1,3
CHI01423,Public Rack - Laporte Ave & Armitage Ave,1,2,-1,3
CHI01460,Public Rack - Prairie Ave & 78th St,1,2,-1,3
1021,Public Rack - Pulaski Rd & Flournoy St,1,2,-1,3
CHI01067,Public Rack - Ewing Ave & 112th St,2,1,1,3
1269.0,Public Rack - Western & 79th,0,3,-3,3
CHI01450,Public Rack - Ashland Ave & 91st St,1,2,-1,3
CHI01234,Public Rack - The Montessori School of Englewood,1,2,-1,3
CHI01333,Public Rack - Halsted St & 94th St,1,2,-1,3
688,Public Rack - Western Ave & 104th St - West,2,1,1,3
670,Public Rack - Champlain Ave & 134th St,1,2,-1,3
CHI01519,Public Rack - Pulaski Rd & Grenshaw St,2,1,1,3
CHI01452,Public Rack - Clyde Ave & 87th St,2,1,1,3
983,Public Rack - Ewing Ave & 102nd St,1,2,-1,3
848,Public Rack - Corliss Ave & 103rd St,2,1,1,3
CHI00714,Public Rack - Hiawatha Park,1,2,-1,3
CHI01186,Public Rack - Lowe Ave & 98th St,1,2,-1,3
1158.0,Public Rack - Northwest Hwy & Highland Ave,2,1,1,3
CHI01273,Public Rack - Western Ave & 104th St - East,1,2,-1,3
CHI01685,Public Rack - McVicker & 52nd,2,1,1,3
555,Public Rack - Latrobe Ave & Lake St,2,1,1,3
CHI01551,Public Rack - Mulligan Ave & 56th St,1,2,-1,3
CHI01145,Public Rack - Roswell B. Mason Elementary School,1,2,-1,3
CHI01449,Public Rack - Ewing Ave & 102nd St,1,2,-1,3
CHI01471,Public Rack - Peterson Ave & Bernard Ave,2,1,1,3
CHI01047,Public Rack - Spencer Elementary Technology Academy,2,1,1,3
1260.0,Public Rack - Pulaski & 84th,1,2,-1,3
1249.0,Public Rack - Kedzie & 73rd,1,2,-1,3
608,Public Rack - Lawrence Ave & 103rd St,1,2,-1,3
897,Public Rack - Homewood Ave & Monterey Ave,3,0,3,3
CHI01335,Public Rack - Loomis St & 87th St,1,2,-1,3
923,Public Rack - Torrence Ave  & 106th St,1,2,-1,3
622,Public Rack - Princeton Ave & 99th Pl,1,2,-1,3
CHI01739,Public Rack - St Louis & 83rd,2,1,1,3
CHI01488,Public Rack - Kenneth Ave & 63rd St E,1,2,-1,3
CHI01404,Public Rack - Michigan Ave & 107th St,1,2,-1,3
CHI01062,Public Rack - Emil G Hirch Metropolitan High School,1,2,-1,3
CHI01023,Public Rack - Mt Greenwood Library N,1,2,-1,3
CHI01710,Public Rack - Western & 74th,2,1,1,3
963,Public Rack - Central Park Ave & 16th St,1,2,-1,3
962,Public Rack - Pulaski Rd & Polk St,3,0,3,3
1074.0,Public Rack - Pulaski Rd & 83rd St,1,2,-1,3
1064,Public Rack - Lawndale Ave & Roosevelt,1,2,-1,3
1156.0,Public Rack - Northwest Hwy & Overhill Ave,1,2,-1,3
849,Public Rack - Oglesby Ave & 105th St,1,2,-1,3
1259.0,Public Rack - Kostner & 83rd,1,2,-1,3
CHI01129,Public Rack - Central Ave & Adams St,1,2,-1,3
CHI01258,Public Rack - Bradley Park,1,2,-1,3
CHI01176,Public Rack - Latrobe Ave & Lake St,1,2,-1,3
CHI00764,Public Rack - Vincennes Ave & 95th Pl,1,2,-1,3
CHI01089,Public Rack - William Rainey Harper High School,1,2,-1,3
928,Public Rack - Michigan Ave & 121st St,1,2,-1,3
CHI01364,Public Rack - Longwood Dr & 111th St,0,3,-3,3
924,Public Rack - Torrence Ave & 103rd St,2,1,1,3
903,Public Rack - Western Ave & 106th St - West,2,1,1,3
CHI01446,Public Rack - Ewing Ave & 106th St,1,2,-1,3
871,Public Rack - Ellis Ave & 132nd Pl,2,1,1,3
1080.0,Public Rack - Spaulding Ave & 71st St,1,2,-1,3
612,Public Rack - Ewing Ave & 106th St NW,2,1,1,3
789,Public Rack - Central Ave & Congress Pkwy,2,1,1,3
1046,Public Rack - Oakley Ave & 50th Pl,2,1,1,3
CHI01218,Public Rack - Abbott Park,1,2,-1,3
721,Public Rack - Ashland Ave & 73rd St,1,2,-1,3
488,Public Rack - McCormick Blvd & Devon Ave,1,2,-1,3
CHI01726,Public Rack - California & 71st,2,1,1,3
CHI01314,Public Rack - Stony Island Ave & 86th St,1,2,-1,3
843,Public Rack - Ashland Ave & 45th St,2,1,1,3
CHI01340,Public Rack - Harvard Ave & 119th St,1,2,-1,3
CHI01616,Public Rack - Northwest Hwy & Highland Ave,1,1,0,2
CHI01060,Public Rack - Western Ave & 79th St,1,1,0,2
743,Public Rack - May St & 63rd St,1,1,0,2
CHI01000,Public Rack - Kedzie Ave & Pershing Rd,1,1,0,2
CHI00695,Public Rack - Cicero Ave & Le Moyne St - midblock,0,2,-2,2
CHI00766,Public Rack - Morgan St & 87th St,1,1,0,2
CHI01014,Public Rack - Mt Greenwood Library - South,1,1,0,2
CHI01034,Public Rack - Kedzie & 103rd St - East,1,1,0,2
CHI00731,Public Rack - Lafayette Ave & 119th St,1,1,0,2
CHI01239,Public Rack - Stewart Ave & 123rd St,1,1,0,2
CHI01245,Public Rack - Michigan Ave & 113th St,0,2,-2,2
CHI01326,Public Rack - Oakley & 79th Pl,1,1,0,2
CHI01363,Public Rack - Western Ave & 111th St - SE,1,1,0,2
CHI01458,Public Rack - Western Ave & 98th St,1,1,0,2
CHI01554,Public Rack - Mason Ave & Archer Ave,1,1,0,2
CHI01683,Public Rack - Mason & Archer,1,1,0,2
CHI01722,Public Rack - Western & 83rd,1,1,0,2
CHI01447,Public Rack - Ave L & 105th St,1,1,0,2
CHI01412,Public Rack - 53rd St & Indiana Ave,1,1,0,2
CHI01408,Public Rack - Saginaw Ave & 93rd St,1,1,0,2
CHI01359,Public Rack - Baker Ave & 863rd Pl,1,1,0,2
CHI01381,Public Rack - Laflin St & 51st St,0,2,-2,2
882,Public Rack - Drexel Ave & 87th St,1,1,0,2
881,Public Rack - Greenwood Ave & 87th St,1,1,0,2
CHI01028,Public Rack - Newcastle Ave & Wellington Ave,1,1,0,2
CHI01075,Public Rack - Parnell Ave & 98th St,1,1,0,2
CHI01151,Public Rack - Marquette Ave & 79th St,1,1,0,2
CHI01238,Public Rack - Parnell Ave & 119th St,0,2,-2,2
CHI01376,Public Rack - Wolcott Ave & 56th St,1,1,0,2
CHI01525,Public Rack - Pulaski Rd & 85th St,1,1,0,2
CHI01670,Public Rack - Mozart & 79th,0,2,-2,2
CHI01737,Public Rack - California & 82nd,1,1,0,2
716,Public Rack - Oakley & 79th Pl,1,1,0,2
648,Public Rack - Cottage Grove Ave & 91st St,1,1,0,2
CHI01156,Public Rack - Avenue O & 118th St,1,1,0,2
1282.0,Public Rack - Wrightwood Metra Station,2,0,2,2
1267.0,Public Rack - California & 82nd,1,1,0,2
1265.0,Public Rack - Homan & 77th,1,1,0,2
1262.0,Public Rack - St Louis & Columbus,1,1,0,2
1253.0,Public Rack - Hamlin & 72nd,1,1,0,2
1244.0,Public Rack - Western & 74th,1,1,0,2
1083.0,Public Rack - 63rd St & Meade Ave,1,1,0,2
1082.0,Public Rack - 63rd St and Natoma Ave,1,1,0,2
CHI00770,Public Rack - Burnside Academy,1,1,0,2
CHI01082,Public Rack - Pulaski Rd & 51st Rd,1,1,0,2
CHI01146,Public Rack - Keeler Ave & 55th St,0,2,-2,2
CHI01173,Public Rack - Zapata Academy,1,1,0,2
CHI01261,Public Rack - Oglesby Ave & 105th St,1,1,0,2
CHI01535,Public Rack - 63rd St & Meade Ave,1,1,0,2
CHI01547,Public Rack - Sayre Ave & 59th St,1,1,0,2
CHI01558,Public Rack - New England Ave & Irving Park Rd,0,2,-2,2
CHI01684,Public Rack - Austin & 62nd,1,1,0,2
1076.0,Public Rack - 82nd st & Kedzie Ave,1,1,0,2
1073.0,Public Rack - Pulaski Rd & 85th St,1,1,0,2
976,Public Rack - Princeton Ave & 103rd Pl,0,2,-2,2
974,Public Rack - Union Ave & 111th St,1,1,0,2
926,Public Rack - Michigan Ave & 125th Pl,1,1,0,2
CHI01235,Public Rack - Cottage Grove Ave & 75th St,0,2,-2,2
674,Public Rack - Homan Ave & 111th St,1,1,0,2
669,Public Rack - Calumet Ave & 133rd St,1,1,0,2
625,Public Rack - Lowe Ave & 98th St,1,1,0,2
CHI01329,Public Rack - Pulaski Rd & 40th St,1,1,0,2
CHI02020,Hastings St Depot Pillar,0,2,-2,2
616,Public Rack - Vincennes Ave & 99th St,1,1,0,2
607,Public Rack - Michigan Ave & 110th St,1,1,0,2
606,Public Rack - Perry Ave & 108th Pl,1,1,0,2
602,Public Rack - Percy Julian HS,1,1,0,2
601,Public Rack - Morgan St & 103rd St,1,1,0,2
CHI00987,Public Rack - Washtenaw Ave & 63rd St,1,1,0,2
765,Public Rack - West Lawn Park,1,1,0,2
720,Public Rack - Racine Ave & 76th,1,1,0,2
715,Public Rack - Damen Ave & 80th St,1,1,0,2
713,Public Rack - Damen Ave & 84th St,1,1,0,2
CHI01131,"Public Rack - Senka ""Edward Duke"" Park",1,1,0,2
CHI01246,Public Rack - Ewing Ave & 101st St,1,1,0,2
1053,Public Rack - Grand Ave & Lawndale Ave,2,0,2,2
850,Public Rack - Orville T Bright School,1,1,0,2
684,Public Rack - Mt Greenwood Library N,1,1,0,2
671,Public Rack - Eberhart Ave & 131st St,1,1,0,2
611,Public Rack - Mackinaw Ave & 108th St,1,1,0,2
CHI00699,Public Rack - Michele Clark Magnet High School,1,1,0,2
CHI00992,Public Rack - Panama Ave & Forest Preserve Ave,1,1,0,2
CHI01004,Public Rack - Christiana Ave & Archer Ave,1,1,0,2
CHI01064,Public Rack - Keef Ave & South Chicago Ave,1,1,0,2
CHI01072,Public Rack - May St & 63rd St,1,1,0,2
CHI01357,Public Rack - Colfax Ave & 83rd St,0,2,-2,2
CHI01410,Public Rack - Paxton Ave & 79th St,1,1,0,2
CHI01523,Public Rack - Ashland Ave & 74th St,1,1,0,2
CHI01647,Public Rack - Springfield & 71st,1,1,0,2
349,Spaulding Ave & 63rd St,1,1,0,2
970,Public Rack - Roscoe St & Osceola Ave,1,1,0,2
1274.0,Public Rack - Damen & 87th,2,0,2,2
CHI01706,Public Rack - Artesian & 71st,1,1,0,2
CHI00758,Public Rack - Calumet Ave & 103rd St,1,1,0,2
CHI00777,Public Rack - Champlain Ave & 134th St,1,1,0,2
CHI00784,Public Rack - Buffalo Ave & 133rd St,1,1,0,2
CHI01420,Public Rack - Roscoe St & Osceola Ave,1,1,0,2
CHI01620,Public Rack - Devon Ave & Minnehaha Ave (west),1,1,0,2
CHI01039,Public Rack - Central Ave & Congress Pkwy,1,1,0,2
CHI01231,Public Rack - Western Blvd & 53rd St,1,1,0,2
CHI01242,Public Rack - Exchange Ave & 131st St,1,1,0,2
CHI01046,Public Rack - Lorel Ave & Chicago Ave,1,1,0,2
CHI01197,Public Rack - Oleander Ave & Addison St,1,1,0,2
CHI01225,Public Rack - Kedzie Ave & 54th St - SW,1,1,0,2
CHI01392,Public Rack - Michigan Ave & 125th Pl,1,1,0,2
CHI01733,Public Rack - Damen & 81st,1,1,0,2
CHI01389,Public Rack - Torrence Ave  & 106th St,1,1,0,2
CHI01407,Public Rack - Cornell Ave & 87th Pl,1,1,0,2
CHI01448,Public Rack - Ewing Ave & 95th St,1,1,0,2
CHI00324,WEST - CHI  PILLAR CHARGING  (CHARGING PILLAR TEST),0,2,-2,2
CHI01141,Public Rack - Grand Ave & North Ave,1,1,0,2
CHI01480,Public Rack - Sangamon St & 87th St,1,1,0,2
CHI01455,Public Rack - 10557 S Western Ave,0,2,-2,2
CHI01617,Public Rack - Devon Ave & Minnehaha Ave (east),1,1,0,2
CHI01356,Public Rack - Ingleside Ave & 79th St,1,1,0,2
CHI01341,Public Rack - Elizabeth St & 115th St,1,1,0,2
CHI02030,WEST - CHI - CASSETTE REPAIR,0,1,-1,1
CHI01698,Public Rack - Sacramento & 71st,0,1,-1,1
Cicero Ave & Wellington Ave,Cicero Ave & Wellington Ave,0,1,-1,1
CHI01495,Public Rack - Throop St & 48t ST,0,1,-1,1
CHI01490,Public Rack - Kedzie Ave & 60th St,0,1,-1,1
CHI01309,Public Rack - Percy Julian HS,0,1,-1,1
CHI01110,Public Rack - Wallace St & 112 St,1,0,1,1
1022,Public Rack - Ewing Ave & 96th St S,0,1,-1,1
111111,w. Chicago Warehouse,0,1,-1,1
CHI01256,Public Rack - Eberhart Ave & 131st St,0,1,-1,1
714,Public Rack - Western Ave & 79th St,0,1,-1,1
CHI01193,Public Rack - New England Ave & Grace St,0,1,-1,1
CHI00774,Public Rack - Prairie Ave & 85th St,0,1,-1,1
597,Public Rack - Avenue O & 118th St,1,0,1,1
CHI01402,Public Rack - Houston Ave & 130th St,1,0,1,1
CHI01701,Public Rack - Ashburn Metra,0,1,-1,1
633,Public Rack - Bradley Park,0,1,-1,1
981,Public Rack - Ave L & 105th St,0,1,-1,1
1273.0,Public Rack - Horner & 85th,1,0,1,1
653,Public Rack - Loomis Blvd & 83rd St,1,0,1,1
729,Public Rack - Emil G Hirch Metropolitan High School,1,0,1,1
704,Public Rack - Honore St & 87th St - SE,0,1,-1,1
CHI01255,Public Rack - Archer Park,1,0,1,1
CHI02421,Seeley Ave & Addison St,0,1,-1,1
706,Public Rack - Winchester Ave & 87th St,1,0,1,1
CHI00769,Public Rack - Cottage Grove Ave & 87th St,0,1,-1,1
CHI00763,Public Rack - Vincennes Ave & 99th St,0,1,-1,1
CHI01134,Public Rack - Kostner Ave & Lake St,0,1,-1,1
CHI01318,Public Rack - Eggleston Ave & 92nd St,0,1,-1,1
CHI01174,Public Rack - Menard Ave & Madison St,0,1,-1,1
CHI00775,Public Rack - 83rd St (Avalon Park) Metra,0,1,-1,1
CHI00785,Public Rack - Homan Ave & 111th St,1,0,1,1
CHI01659,Public Rack - Rutherford & 53rd,0,1,-1,1
CHI01500,Public Rack - Oakley Ave & 50th Pl,0,1,-1,1
707,Public Rack - Eggleston Ave & 92nd St,1,0,1,1
872,Public Rack - Lowe Ave & 119th St,0,1,-1,1
873,Public Rack - Harvard Ave & 119th St,0,1,-1,1
895,Public Rack - Christiana Ave & 111th St,0,1,-1,1
CHI01598,Public Rack - Normandy Ave & Raven St,0,1,-1,1
971,Public Rack - Wallace St & 119th St,1,0,1,1
CHI01066,Public Rack - Avenue J & 112th St,0,1,-1,1
CHI01077,Public Rack - Ewing Ave & 106th St NW,0,1,-1,1
CHI01113,Public Rack - Brighton Park Branch Chicago Library,1,0,1,1
CHI01343,Public Rack - Throop St & 109th Pl,0,1,-1,1
CHI01360,Public Rack - Christiana Ave & 111th St,1,0,1,1
1077.0,Public Rack - 83rd Pl & Kedzie Ave N,0,1,-1,1
CHI00671,Public Rack - Franklin Park,0,1,-1,1
1268.0,Public Rack - Mozart & 79th,0,1,-1,1
1283.0,Public Rack - Ashburn Metra,0,1,-1,1
870,Public Rack - Corliss Ave & 133rd St,1,0,1,1
953,Public Rack - Lawndale Ave & 63rd St,0,1,-1,1
CHI01532,Public Rack - Spaulding Ave & 71st St,0,1,-1,1
CHI01394,Public Rack - Michigan Ave & 121st St,1,0,1,1
CHI01361,Public Rack - Troy & 111th St,0,1,-1,1
CHI01137,Public Rack - Keeler Ave & Madison St S,0,1,-1,1
CHI01093,Public Rack - Lafayette Ave & 87th St SW,0,1,-1,1
CHI01049,Public Rack - James Madison School,0,1,-1,1
CHI01007,Public Rack - Eggleston Ave & 114th St,0,1,-1,1
CHI02358,Midway Corral,1,0,1,1
CHI01058,Public Rack - West Chatham Park,0,1,-1,1
CHI01026,Public Rack - Baltimore Ave & 134th St,0,1,-1,1
659,Public Rack - Rhodes Ave & 79th St,0,1,-1,1
